player_id,player_name,team_abbr,games,avg_minutes,total_minutes,avg_speed,top_speed,total_miles,total_hi_15,total_hi_18,total_hi_20,hi_dist_15_per_36,hi_dist_18_per_36,hi_dist_20_per_36,fatigue_games,avg_q1_speed,avg_q4_speed,avg_q1_hi_15,avg_q4_hi_15,avg_q1_hi_18,avg_q4_hi_18,avg_q1_hi_20,avg_q4_hi_20,fatigue_pct_15,fatigue_pct_18,fatigue_pct_20,speed_fatigue_pct
708,Kevin Garnett,MIN,37,13.89673873873874,514.1793333333334,6.305297297297297,34.72,36.572,4.007,0.741,0.207,0.2805480318799277,0.051880731625412145,0.014492997903455214,,,,,,,,,,,,,
977,Kobe Bryant,LAL,36,28.698925925925924,1033.1613333333332,6.0626388888888885,34.683,70.507,7.599,1.578,0.395,0.2647834284674482,0.0549846361523402,0.013763581292886174,23.0,6.357217391304348,5.6113478260869565,0.07021739130434783,0.042652173913043476,0.014478260869565218,0.009130434782608695,0.003391304347826087,0.0025652173913043477,39.25696594427245,36.936936936936945,24.35897435897436,11.732642118509611
1495,Tim Duncan,SAS,35,23.660590476190478,828.1206666666667,5.783714285714286,34.798,54.125,4.704,0.748,0.163,0.2044919379703924,0.03251700034053008,0.007085923870997866,21.0,5.889714285714286,5.808285714285715,0.04066666666666666,0.033428571428571426,0.006047619047619047,0.0074285714285714285,0.0014285714285714286,0.0015714285714285715,17.798594847775178,-22.83464566929134,-10.000000000000005,1.3825555447753874
1713,Vince Carter,MEM,25,12.95576,323.894,6.159120000000001,33.478,22.325,2.066,0.384,0.105,0.22963068164275963,0.04268063008268137,0.011670484788233185,,,,,,,,,,,,,
1717,Dirk Nowitzki,DAL,39,28.956000000000003,1129.284,5.611358974358974,34.956,71.518,3.56,0.405,0.093,0.113487838311709,0.012910835538270266,0.0029647103828620612,38.0,5.64107894736842,5.502131578947368,0.0253421052631579,0.016578947368421054,0.002631578947368421,0.0020789473684210526,0.0006052631578947369,0.0006578947368421052,34.57943925233645,21.0,-8.695652173913036,2.4631346187039638
1718,Paul Pierce,LAC,36,17.118222222222222,616.256,5.590944444444444,34.412,38.635,3.035,0.6799999999999999,0.197,0.17729644822930732,0.039723751168345624,0.011508204382594247,23.0,5.675,5.3265652173913045,0.025043478260869566,0.02391304347826087,0.004652173913043478,0.006391304347826087,0.0011739130434782609,0.002391304347826087,4.513888888888891,-37.38317757009345,-103.7037037037037,6.139819957862472
1891,Jason Terry,HOU,36,16.53690740740741,595.3286666666667,6.426861111111111,34.451,43.015,5.739,1.945,0.675,0.34704191410235014,0.11761570359454106,0.04081778916520063,21.0,6.689476190476191,6.328095238095237,0.05085714285714286,0.055,0.016523809523809524,0.01780952380952381,0.0054285714285714284,0.006190476190476191,-8.146067415730336,-7.780979827089338,-14.035087719298254,5.402230938432105
1938,Manu Ginobili,SAS,35,18.084114285714286,632.944,6.2463999999999995,33.221,44.63,5.033,0.869,0.199,0.28626229176672824,0.04942617356353801,0.01131853686898051,29.0,6.293793103448277,6.443103448275862,0.04155172413793104,0.039689655172413796,0.006655172413793104,0.007827586206896551,0.0013793103448275863,0.0023103448275862072,4.481327800829881,-17.61658031088081,-67.50000000000001,-2.3723427569581217
2034,Mike Miller,DEN,29,9.137333333333332,264.98266666666666,6.0777241379310345,31.87,18.541999999999998,2.413,0.638,0.167,0.32782521624055916,0.08667736757624399,0.02268827646588205,,,,,,,,,,,,,
2037,Jamal Crawford,LAC,39,24.35622222222222,949.8926666666666,5.906384615384615,34.904,63.15,6.493,1.706,0.503,0.24607832884978587,0.06465572601536033,0.019063206439464388,39.0,6.0133846153846156,5.806358974358974,0.03276923076923077,0.04851282051282051,0.00823076923076923,0.013384615384615385,0.001794871794871795,0.004692307692307692,-48.04381846635366,-62.61682242990655,-161.42857142857136,3.4427473755127487
2199,Tyson Chandler,PHX,33,21.31335353535354,703.3406666666667,5.93430303030303,29.255,46.794,4.193,0.786,0.191,0.21461577177868285,0.04023086015216903,0.009776201385577969,17.0,5.942235294117647,5.7971764705882345,0.04588235294117647,0.024470588235294116,0.009705882352941177,0.004941176470588234,0.0034705882352941177,0.0007647058823529412,46.66666666666667,49.0909090909091,77.96610169491525,2.4411491021402223
2200,Pau Gasol,CHI,38,29.64854385964912,1126.6446666666666,5.838631578947369,32.956,74.204,7.131,1.079,0.138,0.2278588871853711,0.03447759630809359,0.004409553559329858,34.0,6.001617647058824,5.731470588235294,0.06405882352941177,0.028676470588235293,0.010088235294117648,0.003588235294117647,0.0013529411764705882,0.00035294117647058826,55.23415977961433,64.43148688046647,73.91304347826087,4.501237411482204
2207,Joe Johnson,BKN,41,32.43738211382114,1329.9326666666666,6.1654634146341465,34.966,92.529,8.201,1.482,0.343,0.2219931936403798,0.04011631666565576,0.009284680577813714,39.0,6.408743589743589,5.76948717948718,0.061384615384615385,0.037128205128205125,0.010076923076923077,0.007846153846153846,0.0022307692307692306,0.0015897435897435897,39.51545530492899,22.13740458015267,28.735632183908045,9.974754041953894
2210,Richard Jefferson,CLE,37,17.731765765765765,656.0753333333333,5.933162162162162,33.95,43.861000000000004,6.711,2.323,0.9369999999999999,0.3682442971488031,0.1274670693304529,0.05141482736230494,31.0,5.738161290322581,5.6933870967741935,0.037612903225806446,0.061354838709677416,0.012451612903225807,0.02041935483870968,0.004064516129032258,0.009064516129032257,-63.12178387650087,-63.989637305699475,-123.015873015873,0.7802881669411971
2216,Zach Randolph,MEM,38,27.650596491228068,1050.7226666666666,5.832157894736842,34.735,69.126,6.311,1.284,0.231,0.21622832285588842,0.04399257907573455,0.007914552777643833,32.0,5.94709375,5.63709375,0.039406250000000004,0.03640625,0.007,0.00825,0.00115625,0.0016562500000000002,7.613005551149888,-17.85714285714286,-43.24324324324326,5.212630118702932
2225,Tony Parker,SAS,38,24.621719298245612,935.6253333333333,6.850026315789473,34.492,72.539,10.688,2.77,0.827,0.41124153685449594,0.10658112435319553,0.03182042954515981,29.0,7.01548275862069,6.737241379310345,0.07751724137931035,0.06337931034482759,0.01820689655172414,0.01575862068965517,0.004517241379310345,0.00496551724137931,18.238434163701065,13.44696969696971,-9.923664122137382,3.9661045274245703
2419,Tayshaun Prince,MIN,44,19.527666666666665,859.2173333333333,6.089431818181819,34.751,58.976,7.993,2.222,0.659,0.33489547852076235,0.09309868050458324,0.027611174821116278,19.0,6.054631578947368,6.027368421052631,0.056210526315789475,0.04594736842105263,0.014789473684210528,0.01073684210526316,0.004157894736842105,0.002631578947368421,18.258426966292134,27.40213523131672,36.708860759493675,0.45028599245466777
2440,Matt Barnes,MEM,40,25.67765,1027.106,6.443524999999999,34.403,74.829,10.983,3.464,1.277,0.3849534517372111,0.12141297977034503,0.04475876881256657,36.0,6.594916666666666,6.262194444444444,0.06530555555555556,0.06561111111111112,0.019527777777777776,0.016888888888888887,0.006,0.0055000000000000005,-0.4678860059549179,13.513513513513514,8.333333333333325,5.045131561766851
2446,Rasual Butler,SAS,26,8.551512820512821,222.33933333333334,6.254730769230769,34.454,15.868,2.567,0.806,0.331,0.41563496037588193,0.13050322480053012,0.05359375609054028,,,,,,,,,,,,,
2449,Luis Scola,TOR,42,22.596372093023255,971.644,6.473046511627907,34.281,70.904,11.47,3.9,1.109,0.4249704624327429,0.14449736734853505,0.04108912317680138,23.0,6.591521739130434,6.064869565217391,0.09834782608695652,0.03839130434782609,0.03152173913043478,0.01191304347826087,0.007869565217391305,0.002391304347826087,60.96374889478338,62.206896551724135,69.61325966850829,7.989842023679958
2544,LeBron James,CLE,37,32.12437837837838,1188.602,5.82018918918919,34.966,78.354,10.282,3.537,1.5859999999999999,0.31141795150942025,0.10712753301778054,0.048036264451851836,30.0,6.069100000000001,5.603633333333334,0.08223333333333334,0.06063333333333333,0.029366666666666666,0.019933333333333334,0.0127,0.0096,26.266720713417115,32.12258796821793,24.40944881889764,7.669451264053433
2546,Carmelo Anthony,NYK,42,33.214111111111116,1394.9926666666668,5.772214285714286,34.918,90.607,8.236,1.154,0.251,0.21254305279502067,0.02978080171508667,0.006477453405967726,36.0,6.032638888888889,5.3638055555555555,0.07127777777777777,0.0275,0.009333333333333334,0.004777777777777778,0.0017222222222222222,0.0010833333333333333,61.418550272798136,48.80952380952381,37.096774193548384,11.08691147691954
2547,Chris Bosh,MIA,42,32.00819047619048,1344.344,5.722738095238095,34.989,86.709,8.411,1.627,0.413,0.2252369929125283,0.043569205500972964,0.011059669251322578,41.0,5.920829268292683,5.457682926829268,0.060292682926829266,0.039365853658536586,0.011341463414634146,0.00870731707317073,0.002682926829268293,0.0024146341463414634,34.70873786407766,23.22580645161291,10.000000000000007,7.822322186246164
2548,Dwyane Wade,MIA,39,28.61557264957265,1116.0073333333332,6.035461538461539,34.968,75.937,6.931,1.942,0.803,0.22357917600302507,0.06264474964620902,0.025903055595214133,30.0,6.2767333333333335,5.771433333333333,0.0566,0.034833333333333334,0.014633333333333333,0.010733333333333334,0.0057,0.0057333333333333325,38.45700824499411,26.651480637813208,-0.5847953216374081,8.050365901583627
2550,Kirk Hinrich,CHI,26,14.613102564102565,379.9406666666667,6.740961538461538,34.979,29.003999999999998,3.702,1.004,0.346,0.35077055891183007,0.09513064320569352,0.03278406628403382,17.0,6.944588235294117,6.429117647058824,0.04411764705882353,0.03947058823529412,0.011294117647058824,0.010529411764705883,0.004,0.0036470588235294117,10.533333333333337,6.7708333333333375,8.82352941176471,7.422622778634215
2555,Nick Collison,OKC,38,12.024315789473684,456.924,6.262447368421053,34.801,31.974,4.881,1.176,0.349,0.38456285946897084,0.09265435827402368,0.027496914147648186,25.0,6.1114,6.125,0.0362,0.03564,0.009559999999999999,0.00764,0.0028400000000000005,0.00268,1.5469613259668642,20.083682008368193,5.633802816901422,-0.2225349347121818
2561,David West,SAS,40,14.989616666666667,599.5846666666666,5.767725,30.519,39.088,4.41,0.871,0.181,0.2647832888766335,0.05229620059218771,0.010867522740741648,26.0,5.851384615384616,5.761923076923077,0.025153846153846155,0.03411538461538462,0.004423076923076924,0.007692307692307693,0.0010769230769230769,0.0013461538461538463,-35.62691131498471,-73.91304347826086,-25.00000000000002,1.5288951990324449
2564,Boris Diaw,SAS,41,17.627756097560976,722.738,6.312585365853658,34.086,51.559,5.109,0.998,0.147,0.2544822605148754,0.04971096026499229,0.007322155469893653,37.0,6.271162162162161,6.27945945945946,0.03672972972972973,0.03548648648648649,0.007702702702702702,0.0071081081081081085,0.000945945945945946,0.0011081081081081082,3.3848417954378216,7.719298245614022,-17.14285714285714,-0.13230876642548545
2571,Leandro Barbosa,GSW,29,14.02903448275862,406.842,6.478827586206896,33.103,29.576999999999998,4.218,1.551,0.7170000000000001,0.37323580161340275,0.13724246759184155,0.06344477708791128,,,,,,,,,,,,,
2581,Steve Blake,DET,28,15.189261904761905,425.2993333333333,6.397178571428571,33.649,30.84,3.538,0.921,0.292,0.2994784849572614,0.07795920990549403,0.024716709329429154,24.0,6.558375000000001,6.364625,0.02729166666666667,0.034458333333333334,0.007541666666666666,0.008125,0.0025416666666666665,0.0022916666666666667,-26.259541984732813,-7.734806629834265,9.836065573770485,2.9542379019193095
2585,Zaza Pachulia,DAL,41,27.00239024390244,1107.098,6.039463414634146,33.951,75.445,10.66,2.343,0.473,0.3466359798319571,0.07618837718070126,0.015380752200798846,33.0,6.167969696969697,5.850727272727273,0.08751515151515152,0.04224242424242424,0.019454545454545454,0.010151515151515153,0.0038484848484848485,0.002060606060606061,51.73130193905817,47.81931464174454,46.456692913385815,5.143384935861223
2590,Mo Williams,CLE,25,21.6944,542.36,6.17424,33.133,37.693,4.966,1.568,0.591,0.3296260786193672,0.10407847186370676,0.03922855667822111,20.0,6.3168,5.8275,0.0528,0.047549999999999995,0.01495,0.01625,0.005050000000000001,0.006,9.943181818181827,-8.695652173913048,-18.811881188118797,7.746010638297873
2592,James Jones,CLE,30,9.304777777777778,279.1433333333333,6.337866666666667,34.909,19.719,2.452,0.6,0.162,0.31622463967137554,0.07737960187717183,0.020892492506836394,,,,,,,,,,,,,
2594,Kyle Korver,ATL,41,28.538699186991867,1170.0866666666666,6.403390243902439,34.205,84.377,13.178,3.45,1.036,0.4054468899739621,0.1061459834884026,0.03187456199825654,36.0,6.657305555555556,6.182444444444445,0.09386111111111112,0.0765,0.02263888888888889,0.020777777777777777,0.0059722222222222225,0.00725,18.496596626220782,8.220858895705526,-21.3953488372093,7.132932492708512
2730,Dwight Howard,HOU,35,30.554647619047618,1069.4126666666666,5.810057142857143,34.781,69.843,7.332,1.344,0.225,0.24681959380819005,0.045243526197245976,0.007574251037485375,34.0,6.055088235294117,5.587882352941176,0.06641176470588235,0.041382352941176474,0.011588235294117647,0.006588235294117647,0.0018529411764705882,0.0012941176470588234,37.68821966341895,43.14720812182741,30.15873015873016,7.715921951882951
2733,Shaun Livingston,GSW,39,19.625982905982905,765.4133333333333,6.487179487179487,34.885,55.784,7.385,2.012,0.63,0.34734174128139916,0.09463122321708532,0.02963104901926628,33.0,6.56290909090909,6.292787878787879,0.037575757575757575,0.06927272727272728,0.010878787878787878,0.017606060606060604,0.004151515151515152,0.004575757575757576,-84.35483870967744,-61.8384401114206,-10.21897810218978,4.115876182033092
2734,Devin Harris,DAL,37,18.22544144144144,674.3413333333333,6.205162162162162,34.953,47.304,5.662,1.535,0.5630000000000001,0.3022682874745925,0.08194663039093951,0.030055995381171954,32.0,6.3313749999999995,6.1170625,0.0401875,0.04115625,0.0104375,0.01175,0.0035312499999999997,0.0049375,-2.4105754276827307,-12.574850299401191,-39.82300884955753,3.3849282343882527
2736,Luol Deng,MIA,35,29.772342857142856,1042.032,6.316371428571429,34.894,74.102,10.507,3.041,1.099,0.3629946105301949,0.10506011331705745,0.037968123819613994,28.0,6.442714285714286,6.049642857142857,0.10153571428571428,0.04339285714285714,0.0325,0.01075,0.01225,0.0033928571428571428,57.26345409778403,66.92307692307693,72.30320699708456,6.1010221956140995
2738,Andre Iguodala,GSW,42,27.08904761904762,1137.74,6.127785714285714,34.962,78.519,11.623,4.524,1.927,0.3677711955279765,0.14314694042575632,0.06097350888603723,41.0,6.298,5.91590243902439,0.06168292682926829,0.058682926829268296,0.020829268292682928,0.02202439024390244,0.008,0.009829268292682927,4.863582443653612,-5.737704918032792,-22.865853658536583,6.066966671572084
2743,Kris Humphries,WAS,27,15.888567901234568,428.99133333333333,6.490185185185186,27.47,31.505,5.046,1.278,0.437,0.4234491139681144,0.10724692184923705,0.036672069521217994,17.0,6.753823529411765,6.380058823529412,0.04305882352941176,0.048588235294117654,0.009058823529411765,0.01223529411764706,0.0021176470588235297,0.003823529411764706,-12.841530054644837,-35.064935064935064,-80.55555555555554,5.534120106257894
2746,Josh Smith,LAC,29,13.431563218390805,389.51533333333333,5.828,34.881,25.626,3.455,1.091,0.376,0.31931990696130064,0.10083300101151346,0.03475087844209813,27.0,5.8982222222222225,5.764333333333333,0.03185185185185185,0.03188888888888889,0.011666666666666667,0.011148148148148148,0.004370370370370371,0.0045925925925925926,-0.11627906976744114,4.444444444444447,-5.084745762711853,2.2699871901137905
2747,J.R. Smith,CLE,34,26.372176470588236,896.654,6.091,34.819,61.414,6.17,1.916,0.761,0.24772097152301778,0.07692599375009758,0.030553591463373834,21.0,6.326142857142857,5.681571428571429,0.07695238095238095,0.03285714285714286,0.024761904761904763,0.011142857142857142,0.009857142857142856,0.004285714285714286,57.3019801980198,55.00000000000001,56.52173913043478,10.189011584580983
2749,Jameer Nelson,DEN,36,26.783962962962963,964.2226666666667,5.921694444444444,34.494,64.253,4.278,0.818,0.307,0.15972244308714306,0.030540663498196126,0.011462082755435468,33.0,6.013999999999999,5.857848484848485,0.024484848484848484,0.03787878787878788,0.0032727272727272726,0.0075151515151515155,0.0009090909090909091,0.003060606060606061,-54.70297029702971,-129.62962962962965,-236.66666666666666,2.596466829922094
2754,Tony Allen,MEM,36,22.818092592592592,821.4513333333333,6.344555555555555,34.957,58.513,8.307,2.687,1.18,0.36405321638043886,0.11775743257665092,0.051713349624282874,22.0,6.626818181818181,6.163181818181818,0.07013636363636364,0.06054545454545455,0.01959090909090909,0.020636363636363637,0.009363636363636364,0.011818181818181818,13.6746597537265,-5.336426914153143,-26.213592233009702,6.996364634062684
2755,Kevin Martin,MIN,34,21.792392156862746,740.9413333333333,6.079529411764706,34.172,50.866,5.396,1.603,0.633,0.26217460311747576,0.07788470882085131,0.030755471418339914,23.0,6.238391304347826,5.756391304347826,0.047,0.0401304347826087,0.012652173913043477,0.01165217391304348,0.00582608695652174,0.004608695652173913,14.616096207215534,7.903780068728502,20.895522388059707,7.726350856895942
2756,Sasha Vujacic,NYK,28,12.046023809523808,337.28866666666664,6.862071428571428,32.551,25.962,4.627,1.568,0.5700000000000001,0.49385590582152183,0.16735812844783798,0.06083809516279825,,,,,,,,,,,,,
2757,Beno Udrih,MIA,24,14.870027777777779,356.8806666666667,6.61925,34.476,26.526,3.144,0.918,0.31,0.31714802893964555,0.0926023824957362,0.03127095705193706,22.0,6.582227272727272,6.403090909090909,0.029181818181818184,0.05427272727272727,0.007954545454545454,0.015818181818181818,0.0027727272727272726,0.005227272727272727,-85.98130841121494,-98.85714285714288,-88.52459016393442,2.721515927877408
2760,Anderson Varejao,CLE,25,8.26872,206.718,6.413880000000001,34.612,14.991,1.34,0.292,0.07,0.23336139088032976,0.05085188517690767,0.012190520419121704,,,,,,,,,,,,,
2772,Trevor Ariza,HOU,42,32.08919047619048,1347.746,6.061071428571428,34.654,91.94200000000001,11.703,3.3289999999999997,1.274,0.3126019294436785,0.08892179980500776,0.034030151081880414,40.0,6.3966,5.798875,0.08285000000000001,0.055575,0.024524999999999998,0.01395,0.009575,0.00515,32.920941460470736,43.11926605504586,46.21409921671018,9.34441734671545
101106,Andrew Bogut,GSW,36,20.40698148148148,734.6513333333334,5.661777777777777,32.22,46.911,3.382,0.7,0.147,0.16572759685546976,0.03430198633909782,0.007203417131210542,,,,,,,,,,,,,
101107,Marvin Williams,CHA,42,28.60505426356589,1230.0173333333332,6.258023255813954,34.82,86.642,9.417,2.184,0.655,0.2756156281808495,0.06392105043506163,0.019170461554471323,38.0,6.383051282051282,6.0988974358974355,0.05756410256410257,0.0461025641025641,0.011820512820512821,0.010384615384615384,0.0035641025641025646,0.0028461538461538463,19.910913140311813,12.147505422993495,20.143884892086337,4.451692985028465
101108,Chris Paul,LAC,35,31.589485714285715,1105.632,5.895742857142857,34.944,73.458,5.962,1.575,0.675,0.19412607449856734,0.05128288616827298,0.02197837978640271,30.0,5.992533333333333,5.7194666666666665,0.0512,0.03136666666666667,0.013500000000000002,0.009466666666666667,0.0053,0.004933333333333333,38.73697916666667,29.876543209876548,6.918238993710698,4.5567817728729105
101109,Raymond Felton,DAL,42,24.63869841269841,1034.8253333333332,6.225619047619047,34.885,72.706,7.508,2.052,0.859,0.26119190484964294,0.07138596014271009,0.02988330397786938,37.0,6.354297297297298,5.9421351351351355,0.05086486486486486,0.04005405405405405,0.012918918918918918,0.01018918918918919,0.004702702702702702,0.00427027027027027,21.253985122210416,21.1297071129707,9.195402298850563,6.486353138331584
101111,Charlie Villanueva,DAL,35,11.225638095238095,392.89733333333334,6.282285714285714,31.659,28.142,4.134,1.105,0.319,0.37878597631951355,0.10124782385898945,0.029229009783726365,,,,,,,,,,,,,
101112,Channing Frye,ORL,36,16.774851851851853,603.8946666666667,6.020333333333333,34.459,41.066,4.67,0.848,0.214,0.2783929206197107,0.05055186224529222,0.012757191651524218,,,,,,,,,,,,,
101114,Deron Williams,DAL,35,30.658666666666665,1073.0533333333333,6.379371428571428,34.291,77.324,6.739,1.54,0.413,0.226087550789647,0.05166565190919371,0.013855788466556492,31.0,6.559516129032258,6.155967741935484,0.05554838709677419,0.03535483870967742,0.011000000000000001,0.008612903225806452,0.0024516129032258064,0.002225806451612903,36.353077816492444,21.700879765395904,9.210526315789473,6.1521060267033825
101123,Gerald Green,MIA,36,25.401907407407407,914.4686666666666,6.275361111111112,34.452,64.621,9.493,3.1029999999999998,1.338,0.37371209365292635,0.12215618103918996,0.052673209871233063,32.0,6.274,6.2085625,0.05734375,0.07459375,0.01871875,0.02378125,0.0091875,0.011,-30.081743869209816,-27.04507512520869,-19.727891156462583,1.0429948995855884
101127,Jarrett Jack,BKN,31,30.787247311827958,954.4046666666667,6.198774193548387,34.947,66.748,6.362,1.671,0.55,0.239973679927522,0.06302986783383988,0.02074591700096465,29.0,6.326793103448276,6.005344827586207,0.06989655172413793,0.04220689655172414,0.01689655172413793,0.011689655172413792,0.0047931034482758626,0.004206896551724138,39.61519486926492,30.816326530612248,12.230215827338146,5.080745815551819
101133,Ian Mahinmi,IND,38,22.477333333333334,854.1386666666667,6.17142105263158,33.57,59.611,9.91,3.305,1.222,0.4176839357856023,0.13929822480034468,0.05150451761150414,28.0,6.297428571428571,5.9851785714285715,0.097,0.041,0.03257142857142857,0.012178571428571427,0.013142857142857142,0.004035714285714286,57.73195876288659,62.60964912280702,69.29347826086956,4.95837303207658
101135,David Lee,BOS,29,15.089172413793102,437.58599999999996,6.165586206896552,34.122,30.309,3.99,1.03,0.288,0.32825547435247016,0.08473762871755496,0.023693628223937696,,,,,,,,,,,,,
101138,Brandon Bass,LAL,37,17.200666666666667,636.4246666666667,6.398027027027027,34.426,45.879,8.100999999999999,2.54,0.899,0.4582411953444083,0.14367764920069093,0.05085283725646503,27.0,6.320592592592593,6.313555555555556,0.04703703703703704,0.0898148148148148,0.012703703703703705,0.03122222222222222,0.0032222222222222227,0.011851851851851851,-90.94488188976376,-145.77259475218656,-267.81609195402297,0.11133508344271383
101139,CJ Miles,IND,37,25.355801801801803,938.1646666666667,6.040297297297298,34.56,63.767,7.12,1.985,0.696,0.27321429713476025,0.07616999716467684,0.026707465000813644,33.0,6.108545454545454,5.853515151515151,0.05366666666666666,0.045000000000000005,0.01396969696969697,0.013303030303030303,0.004484848484848485,0.005121212121212122,16.149068322981346,4.7722342733188805,-14.189189189189207,4.174975940312127
101141,Ersan Ilyasova,DET,42,26.508380952380953,1113.352,6.142761904761905,34.537,76.983,9.844,2.529,0.847,0.31830364520834376,0.08177467683176569,0.027387564759393253,23.0,6.197869565217391,5.838826086956522,0.08369565217391305,0.043130434782608695,0.015956521739130435,0.010782608695652174,0.005260869565217391,0.0028695652173913043,48.46753246753247,32.42506811989101,45.454545454545446,5.793014429923316
101145,Monta Ellis,IND,42,31.331857142857146,1315.938,6.115428571428572,34.766,91.023,10.437,2.938,1.219,0.28552409004071616,0.08037460731432636,0.033348075669218456,37.0,6.2889729729729735,5.805513513513514,0.09094594594594595,0.039675675675675676,0.022297297297297295,0.013648648648648648,0.007864864864864865,0.007,56.37444279346211,38.78787878787878,10.996563573883158,7.687415123854711
101150,Lou Williams,LAL,42,28.169126984126983,1183.1033333333332,5.882809523809524,34.699,78.191,7.776,2.233,0.841,0.23661162310420902,0.06794672767382957,0.02559032600702672,36.0,6.1415,5.559,0.050361111111111106,0.04016666666666666,0.014194444444444445,0.012666666666666666,0.005222222222222222,0.004972222222222222,20.2426916712631,10.763209393346388,4.787234042553196,9.484653586257423
101161,Amir Johnson,BOS,39,22.849965811965813,891.1486666666667,6.039076923076923,34.984,60.451,7.6610000000000005,2.746,1.143,0.30948371502547645,0.11093098570160011,0.046174113859041854,28.0,6.170178571428571,5.718214285714287,0.07360714285714286,0.030857142857142857,0.02692857142857143,0.009178571428571428,0.01125,0.003107142857142857,58.078602620087324,65.91511936339522,72.38095238095238,7.324979017740843
101162,Marcin Gortat,WAS,34,29.86080392156863,1015.2673333333333,6.345676470588235,34.097,72.679,10.505,2.696,0.715,0.3724930248256453,0.09559649642360206,0.02535292839127428,30.0,6.4972,6.2020333333333335,0.10936666666666667,0.04106666666666667,0.0282,0.009766666666666667,0.006866666666666668,0.003266666666666667,62.450472416946056,65.36643026004728,52.42718446601942,4.542982618153463
101179,Ronnie Price,PHX,33,13.968484848484849,460.96,6.761636363636364,31.167,35.088,4.933,1.518,0.622,0.38525685525859077,0.11855258590767095,0.04857688302672683,,,,,,,,,,,,,
101181,Jose Calderon,NYK,45,26.509318518518516,1192.9193333333333,6.329844444444445,34.952,85.062,10.222,2.421,0.81,0.3084802045849426,0.07306110108590745,0.02444423456405826,34.0,6.550911764705882,5.968382352941177,0.07682352941176471,0.03626470588235294,0.017970588235294117,0.00823529411764706,0.006058823529411764,0.0029999999999999996,52.7947932618683,54.1734860883797,50.48543689320388,8.892340985314112
200745,Andrea Bargnani,BKN,35,12.779695238095238,447.28933333333333,6.131314285714286,34.801,30.866,2.689,0.454,0.138,0.21642367207504765,0.03654010677652347,0.011106904702996122,22.0,6.146636363636364,6.269636363636363,0.014818181818181819,0.023954545454545454,0.0024545454545454545,0.004409090909090909,0.00036363636363636367,0.0015454545454545456,-61.6564417177914,-79.62962962962965,-325.0,-2.0010944640823403
200746,LaMarcus Aldridge,SAS,37,27.415009009009008,1014.3553333333333,6.096324324324324,33.364,69.911,7.863,1.62,0.289,0.27906197236602825,0.05749464520322596,0.010256760780081666,26.0,6.260846153846154,6.0275384615384615,0.06796153846153846,0.040615384615384616,0.013538461538461537,0.009,0.0018076923076923077,0.002,40.2376910016978,33.52272727272727,-10.638297872340429,3.7264562420906575
200751,Randy Foye,DEN,43,19.09195348837209,820.954,5.996813953488372,34.529,55.576,7.494,1.974,0.613,0.3286225537606249,0.08656270631484834,0.026880921464540037,34.0,6.152911764705883,5.929441176470588,0.044176470588235296,0.06055882352941177,0.010911764705882353,0.01738235294117647,0.002882352941176471,0.005735294117647059,-37.083888149134495,-59.29919137466306,-98.97959183673468,3.6319485274786345
200752,Rudy Gay,SAC,37,32.75508108108108,1211.9379999999999,6.305918918918919,34.917,86.31700000000001,11.498,3.11,1.055,0.34154222410717383,0.09238096338261528,0.031338236774488465,35.0,6.564628571428571,5.930971428571429,0.10025714285714285,0.05311428571428571,0.025885714285714286,0.013399999999999999,0.008371428571428571,0.0041142857142857136,47.02194357366771,48.23399558498897,50.85324232081913,9.652597035192933
200755,JJ Redick,LAC,35,27.5508,964.278,6.650314285714286,34.185,72.177,10.09,2.697,0.774,0.3766963469041085,0.1006888055104441,0.028896231169849358,29.0,6.992586206896552,6.216206896551724,0.0983103448275862,0.04610344827586207,0.024517241379310342,0.011448275862068966,0.0068620689655172415,0.0029655172413793106,53.10417397404419,53.30520393811532,56.78391959798995,11.102892225756342
200757,Thabo Sefolosha,ATL,37,22.364576576576574,827.4893333333333,6.3461891891891895,32.983,59.142,7.631,2.15,0.78,0.33198736096497516,0.0935359489024632,0.033933972159963396,35.0,6.560028571428571,6.1768857142857145,0.06051428571428571,0.04094285714285714,0.016685714285714286,0.012342857142857143,0.005971428571428571,0.0044,32.34183191690273,26.027397260273972,26.315789473684205,5.840566896485634
200765,Rajon Rondo,SAC,38,33.958578947368416,1290.426,6.154605263157895,34.709,89.378,10.624,3.276,1.19,0.29638584467454937,0.09139307484505117,0.03319833915311688,33.0,6.369,5.82030303030303,0.09896969696969697,0.05003030303030303,0.03,0.014242424242424244,0.010606060606060605,0.004333333333333333,49.44886711573791,52.52525252525252,59.14285714285714,8.615119637258118
200768,Kyle Lowry,TOR,42,34.73401550387597,1493.5626666666667,5.959767441860465,34.689,100.614,10.218,3.2439999999999998,1.281,0.24628896276643228,0.07819156343847194,0.030876508250518665,40.0,6.092317073170731,5.801390243902439,0.06846341463414635,0.050707317073170735,0.02253658536585366,0.015707317073170732,0.008292682926829267,0.006951219512195123,25.935162094763093,30.303030303030308,16.17647058823527,4.7753067638168725
200782,PJ Tucker,PHX,42,27.544047619047618,1156.85,6.128095238095238,34.918,79.773,9.266,2.279,0.69,0.2883485326533259,0.07092017115442797,0.021472100963824178,30.0,6.4603,5.666366666666666,0.083,0.03383333333333334,0.02033333333333333,0.005833333333333333,0.005633333333333334,0.0018333333333333333,59.23694779116465,71.31147540983606,67.45562130177515,12.289418964031611
200794,Paul Millsap,ATL,42,30.579682539682537,1284.3466666666666,6.278428571428572,34.944,90.738,10.845,2.788,0.786,0.3039833482133588,0.07814712538670764,0.022031434918921164,36.0,6.3700833333333335,6.133472222222222,0.08352777777777778,0.05127777777777778,0.021027777777777777,0.010611111111111111,0.0059722222222222225,0.0032777777777777775,38.60991020951114,49.53764861294584,45.11627906976745,3.714411550520448
200826,Jose Juan Barea,DAL,37,19.97618018018018,739.1186666666666,6.455783783783784,34.906,53.627,6.323,1.52,0.439,0.3079721975181252,0.0740341199157916,0.021382222791468758,28.0,6.541535714285715,6.344714285714285,0.039107142857142854,0.05210714285714286,0.010499999999999999,0.011392857142857144,0.003035714285714286,0.0029642857142857144,-33.24200913242011,-8.503401360544238,2.3529411764705963,3.008795444494813
201142,Kevin Durant,OKC,37,34.02899099099099,1259.0726666666667,5.643540540540541,34.699,79.947,6.594,2.005,0.8170000000000001,0.1885387605375173,0.05732790641154415,0.02336004964500328,27.0,5.907111111111111,5.334851851851852,0.06044444444444444,0.033185185185185186,0.017925925925925925,0.011703703703703704,0.007518518518518519,0.005259259259259259,45.09803921568627,34.71074380165289,30.049261083743854,9.687633235522783
201143,Al Horford,ATL,43,29.3508992248062,1262.0886666666665,6.046325581395349,34.766,86.005,10.334,2.727,0.792,0.29476851335854376,0.07778534313225749,0.022591122757883365,41.0,6.1658536585365855,5.887,0.06229268292682926,0.05709756097560976,0.01678048780487805,0.01680487804878049,0.005317073170731708,0.004804878048780488,8.339859044635851,-0.14534883720930244,9.633027522935787,4.52254746835444
201144,Mike Conley,MEM,39,30.327418803418805,1182.7693333333334,6.370384615384615,34.556,84.998,8.524000000000001,2.505,0.957,0.25944534690900567,0.07624479047478402,0.029128249295157012,36.0,6.52375,6.166305555555556,0.06466666666666666,0.03919444444444445,0.016138888888888887,0.011166666666666665,0.005416666666666667,0.004166666666666667,39.39003436426116,30.808950086058523,23.07692307692308,5.479125417810983
201145,Jeff Green,MEM,43,27.482356589147287,1181.7413333333334,5.964139534883722,34.157,79.219,7.285,1.9809999999999999,0.837,0.22192673862074722,0.060348231874770106,0.025497965713873083,33.0,6.156757575757576,5.739484848484849,0.04709090909090909,0.04378787878787879,0.013030303030303031,0.012151515151515151,0.005242424242424243,0.005272727272727273,7.014157014157009,6.744186046511637,-0.5780346820809152,6.777475353516457
201147,Corey Brewer,HOU,43,18.46786046511628,794.118,6.571558139534884,34.846,58.794,10.373,4.272,2.111,0.4702424576700187,0.19366391392714935,0.09569862413394484,39.0,6.8549487179487185,6.348666666666667,0.0647948717948718,0.06307692307692307,0.028512820512820516,0.02469230769230769,0.013897435897435898,0.01241025641025641,2.6513652552433826,13.399280575539585,10.701107011070114,7.385643162529034
201149,Joakim Noah,CHI,27,20.54562962962963,554.732,6.418851851851851,34.477,40.35,6.585,1.583,0.488,0.42734149102629737,0.10273068797184948,0.031669346639458335,25.0,6.508640000000001,6.36804,0.06468,0.056280000000000004,0.0154,0.0148,0.005,0.0052,12.987012987012983,3.8961038961038947,-3.9999999999999933,2.1602055114432654
201150,Spencer Hawes,CHA,36,17.253,621.108,6.120111111111111,34.675,42.717,5.418,1.385,0.255,0.31403234220135634,0.08027589404741205,0.01478003825421666,29.0,6.196586206896551,6.08951724137931,0.031310344827586205,0.0436551724137931,0.006620689655172414,0.012103448275862069,0.0011724137931034483,0.002206896551724138,-39.42731277533041,-82.8125,-88.23529411764706,1.7278701843617985
201152,Thaddeus Young,BKN,41,30.554227642276423,1252.7233333333334,6.437463414634146,34.786,91.174,14.112,4.561,1.755,0.40554205903405116,0.13107123945963062,0.050434120862015284,39.0,6.582230769230769,6.184282051282052,0.11717948717948719,0.0602051282051282,0.038,0.017153846153846155,0.015102564102564102,0.006487179487179487,48.62144420131291,54.8582995951417,57.045840407470294,6.045803191965922
201155,Rodney Stuckey,IND,32,23.272833333333335,744.7306666666667,5.91490625,34.284,49.695,5.428,1.708,0.774,0.26238747609874175,0.08256407685642056,0.03741486855203134,28.0,5.945785714285714,5.8211071428571435,0.03578571428571429,0.04953571428571429,0.010714285714285714,0.01625,0.0043214285714285715,0.007892857142857142,-38.42315369261476,-51.66666666666667,-82.64462809917353,2.096923391117343
201156,Nick Young,LAL,35,18.174780952380953,636.1173333333334,5.850428571428572,34.971,42.083,4.138,1.004,0.337,0.23418321148299684,0.05681970621772084,0.019071953182641356,29.0,5.948931034482759,5.776137931034483,0.02493103448275862,0.04348275862068965,0.005310344827586207,0.01203448275862069,0.0012758620689655171,0.004517241379310345,-74.41217150760718,-126.62337662337661,-254.05405405405412,2.9046076084373365
201158,Marco Belinelli,SAC,40,24.86433333333333,994.5733333333333,6.416675000000001,33.795,72.057,9.677,2.303,0.5680000000000001,0.35027281380290376,0.0833603689354229,0.020559569932835524,38.0,6.470105263157895,6.23021052631579,0.04952631578947369,0.06778947368421052,0.011263157894736841,0.014657894736842106,0.0020789473684210526,0.003947368421052632,-36.87566418703505,-30.140186915887867,-89.873417721519,3.7077408648683807
201160,Jason Smith,ORL,36,13.291777777777778,478.504,6.360277777777778,34.931,34.273,5.443,1.405,0.492,0.4095012789861735,0.10570444552187651,0.0370153645528564,28.0,6.1854642857142865,6.329321428571428,0.02985714285714286,0.06314285714285714,0.007178571428571429,0.015928571428571427,0.0023214285714285715,0.0061428571428571435,-111.48325358851672,-121.89054726368154,-164.61538461538464,-2.325729099905868
201162,Jared Dudley,WAS,39,27.147076923076927,1058.736,6.355358974358975,34.882,75.94800000000001,6.497,1.3559999999999999,0.298,0.22091626241102594,0.04610781157909053,0.010132837647912226,30.0,6.407266666666667,6.232266666666666,0.044033333333333334,0.0369,0.008866666666666667,0.007,0.0017000000000000001,0.0017333333333333335,16.199848599545792,21.052631578947366,-1.9607843137254908,2.7312738661311746
201166,Aaron Brooks,CHI,29,15.060850574712642,436.76466666666664,6.141793103448276,32.589,30.084,3.521,0.875,0.20600000000000002,0.2902157836332915,0.0721212185967424,0.016979395463918787,,,,,,,,,,,,,
201167,Arron Afflalo,NYK,37,31.211639639639642,1154.8306666666667,6.262918918918919,34.352,81.371,10.126,2.532,0.742,0.3156618632688428,0.07893105251794491,0.023130663889539937,32.0,6.55275,5.855125,0.08590625,0.049874999999999996,0.019875,0.013,0.00490625,0.004,41.94252455438342,34.59119496855346,18.471337579617835,10.646293540879777
201168,Tiago Splitter,ATL,30,15.15031111111111,454.5093333333333,6.2634,33.403,32.045,4.359,0.757,0.089,0.34526023668014155,0.059959164754959195,0.007049360189156365,,,,,,,,,,,,,
201188,Marc Gasol,MEM,43,33.39827906976744,1436.126,5.50006976744186,34.826,88.902,4.611,0.897,0.169,0.11558595833513216,0.022485492220041974,0.004236397084935445,38.0,5.692973684210526,5.315894736842105,0.035763157894736844,0.019842105263157894,0.006157894736842105,0.0034473684210526317,0.0005,0.0010263157894736842,44.51802796173658,44.01709401709402,-105.26315789473684,6.623584936186343
201196,Ramon Sessions,WAS,40,20.216816666666666,808.6726666666667,6.316475,34.176,57.495,7.6049999999999995,2.421,1.046,0.33855478401231975,0.1077766117151645,0.04656519448742754,38.0,6.464815789473684,6.086684210526316,0.03368421052631579,0.06339473684210525,0.01031578947368421,0.018763157894736843,0.0036315789473684206,0.007710526315789473,-88.20312499999997,-81.88775510204083,-112.31884057971016,5.849069660469825
201229,Anthony Tolliver,DET,41,18.21141463414634,746.668,6.208926829268293,34.981,52.103,9.097,2.574,0.721,0.4386045739204037,0.12410334981544674,0.03476243792421799,24.0,6.163291666666667,6.047791666666666,0.03208333333333333,0.09100000000000001,0.009583333333333334,0.0275,0.002333333333333333,0.007833333333333333,-183.63636363636368,-186.9565217391304,-235.71428571428572,1.8739986073459256
201564,O.J. Mayo,MIL,29,24.787586206896552,718.84,6.145206896551724,34.603,49.595,5.591,1.567,0.599,0.28000111290412333,0.07847643425518891,0.029998330643815033,27.0,6.313629629629629,5.962740740740741,0.04514814814814815,0.048185185185185185,0.011777777777777778,0.012814814814814814,0.004888888888888889,0.005185185185185186,-6.726825266611966,-8.805031446540871,-6.060606060606077,5.557641316845379
201565,Derrick Rose,CHI,34,30.820372549019606,1047.8926666666666,6.2965294117647055,34.146,74.602,7.09,1.939,0.783,0.24357456457054444,0.06661369262373565,0.026899701559765347,31.0,6.497548387096774,5.995032258064517,0.06335483870967742,0.03435483870967742,0.019,0.008129032258064516,0.007516129032258065,0.0027741935483870965,45.77393075356416,57.21561969439729,63.090128755364816,7.733934387163391
201566,Russell Westbrook,OKC,44,32.34551515151515,1423.2026666666666,6.088022727272727,34.99,97.497,11.288,4.304,2.038,0.28553066229967716,0.10886994777974934,0.05155133679719543,33.0,6.138121212121212,6.0498787878787885,0.07754545454545456,0.05493939393939394,0.02787878787878788,0.021787878787878787,0.013,0.010636363636363637,29.152012504884727,21.847826086956534,18.181818181818176,1.4376129306173924
201567,Kevin Love,CLE,38,28.99298245614035,1101.7333333333333,5.988789473684211,34.992,74.595,8.656,2.056,0.616,0.28284158296018397,0.06718141110976643,0.02012828270603897,29.0,6.205517241379311,5.7733103448275855,0.07272413793103448,0.044655172413793104,0.015896551724137932,0.009999999999999998,0.0036551724137931034,0.0036206896551724136,38.59649122807017,37.09327548806943,0.9433962264151006,6.964881084685502
201568,Danilo Gallinari,DEN,37,33.650036036036035,1245.0513333333333,5.8962702702702705,34.656,82.766,7.434,1.789,0.512,0.2149501734065048,0.05172798765459202,0.014804208875992797,35.0,6.127371428571428,5.617999999999999,0.07505714285714286,0.026114285714285715,0.016742857142857143,0.005085714285714285,0.0054,0.0006571428571428571,65.20746098210887,69.6245733788396,87.83068783068784,8.313049641421633
201569,Eric Gordon,NOP,40,31.815816666666667,1272.6326666666666,6.22965,34.905,89.325,11.772,2.614,0.761,0.3330041818822818,0.07394435367314683,0.021527028747232117,38.0,6.464605263157895,5.861894736842106,0.10984210526315791,0.050631578947368416,0.0245,0.012131578947368422,0.007078947368421053,0.004710526315789473,53.90512697652133,50.483351235230934,33.45724907063198,9.32323787425454
201571,D.J. Augustin,OKC,32,14.784104166666667,473.09133333333335,6.1849375,34.52,32.92,3.8770000000000002,1.193,0.464,0.2950212573470662,0.09078162497164043,0.035308192780252434,22.0,5.885363636363636,6.051090909090909,0.021545454545454545,0.044454545454545455,0.006590909090909091,0.015954545454545454,0.0019545454545454545,0.007590909090909092,-106.32911392405065,-142.06896551724134,-288.3720930232559,-2.8159223960827244
201572,Brook Lopez,BKN,41,31.515414634146342,1292.132,6.01690243902439,34.758,87.828,7.5409999999999995,1.3820000000000001,0.334,0.21009927778276521,0.03850380611268818,0.009305550826076592,38.0,6.117421052631578,5.911078947368421,0.05744736842105263,0.03855263157894737,0.010157894736842105,0.007,0.0016842105263157896,0.001973684210526316,32.890517636280336,31.088082901554404,-17.187499999999996,3.3730244082903824
201573,Jerryd Bayless,MIL,27,25.996024691358024,701.8926666666666,6.162925925925926,34.739,48.692,6.41,1.6520000000000001,0.606,0.3287682162229933,0.08473090377541106,0.031081675355871127,24.0,6.308583333333334,5.964083333333334,0.05775,0.06620833333333333,0.014833333333333332,0.0165,0.004333333333333334,0.007166666666666666,-14.64646464646463,-11.23595505617979,-65.38461538461534,5.460813970384265
201574,Jason Thompson,GSW,20,6.679266666666666,133.58533333333332,6.269299999999999,29.857,9.568,1.683,0.459,0.11699999999999999,0.4535527852359042,0.12369621415524659,0.03153040752976874,,,,,,,,,,,,,
201575,Brandon Rush,GSW,33,16.229171717171717,535.5626666666667,6.667848484848484,34.36,40.708,6.6930000000000005,1.909,0.555,0.44989693082913423,0.1283211177278974,0.037306558585114225,17.0,7.031941176470589,6.006058823529411,0.09688235294117648,0.033058823529411765,0.026411764705882353,0.007470588235294118,0.0072352941176470585,0.0018823529411764706,65.87735276259866,71.71492204899778,73.98373983739837,14.588892699698034
201577,Robin Lopez,NYK,45,24.19177777777778,1088.63,6.175599999999999,34.919,75.557,12.004,2.139,0.487,0.39696131835426174,0.07073477673773457,0.01610464528811442,29.0,6.283448275862069,5.946206896551724,0.09220689655172414,0.048379310344827585,0.014689655172413793,0.008551724137931035,0.003689655172413793,0.0014827586206896553,47.5317875841436,41.78403755868544,59.813084112149525,5.367138623641762
201578,Marreese Speights,GSW,34,10.208686274509803,347.0953333333333,5.891117647058824,34.667,22.847,2.811,0.804,0.251,0.2915510244063591,0.0833891937469629,0.026033193570258316,,,,,,,,,,,,,
201579,Roy Hibbert,LAL,44,24.4,1073.6,6.149204545454546,34.924,74.388,9.624,2.117,0.505,0.3227123695976155,0.07098733233979136,0.01693368107302534,19.0,6.258578947368421,5.873736842105263,0.07994736842105263,0.04331578947368421,0.01694736842105263,0.007473684210526316,0.004157894736842105,0.002157894736842105,45.81961816984858,55.90062111801242,48.10126582278481,6.149033326886046
201580,JaVale McGee,DAL,24,10.99236111111111,263.81666666666666,6.226875,34.88,18.391,2.782,0.716,0.259,0.37962726640975425,0.09770421378482533,0.035342725377471726,,,,,,,,,,,,,
201582,Alexis Ajinca,NOP,33,11.67941414141414,385.42066666666665,6.244545454545454,34.255,26.917,3.207,0.451,0.085,0.2995480263123756,0.04212540064449061,0.007939377061600228,17.0,6.2182352941176475,5.929823529411765,0.03823529411764706,0.03035294117647059,0.005176470588235294,0.004294117647058823,0.0007058823529411765,0.0010588235294117648,20.61538461538462,17.045454545454543,-50.000000000000014,4.638161006527295
201583,Ryan Anderson,NOP,40,29.573566666666665,1182.9426666666666,6.040725,34.952,80.635,7.147,0.915,0.19,0.2175016653385287,0.027845812758465614,0.005782190627440948,39.0,6.136153846153846,5.848948717948718,0.03456410256410257,0.04228205128205128,0.0038717948717948716,0.004897435897435898,0.001,0.0009230769230769231,-22.329376854599378,-26.490066225165577,7.692307692307697,4.680539885504147
201584,Courtney Lee,MEM,41,28.33058536585366,1161.554,6.187780487804878,34.926,81.131,9.636,2.925,1.293,0.2986481902692427,0.0906544164111182,0.04007390099814558,35.0,6.365771428571429,5.800514285714286,0.06851428571428572,0.053714285714285714,0.019200000000000002,0.014914285714285715,0.0074571428571428575,0.006285714285714286,21.60133444537115,22.321428571428577,15.708812260536398,8.87963303740541
201585,Kosta Koufos,SAC,39,20.059521367521366,782.3213333333333,6.447461538461538,33.145,56.958,11.717,3.276,0.914,0.5391799789004007,0.15075135366371192,0.04205944360458874,34.0,6.530676470588236,6.315029411764706,0.08497058823529412,0.06444117647058822,0.022941176470588236,0.01638235294117647,0.005352941176470588,0.004617647058823529,24.160609207338194,28.589743589743595,13.736263736263737,3.3020631139013665
201586,Serge Ibaka,OKC,44,31.121121212121214,1369.3293333333334,5.836045454545455,34.066,90.106,9.443999999999999,3.137,1.049,0.24828504854444558,0.08247249018254191,0.02757846420194022,37.0,5.935918918918919,5.676459459459459,0.061270270270270266,0.04251351351351351,0.01683783783783784,0.014702702702702703,0.00427027027027027,0.0051081081081081085,30.613145125716805,12.680577849117178,-19.62025316455697,4.3710074716908975
201587,Nicolas Batum,CHA,35,34.41614814814815,1238.9813333333334,6.500444444444444,34.965,90.643,12.075,2.891,1.028,0.3508527435441588,0.08400126555578992,0.029869699408976835,31.0,6.75096875,6.22190625,0.1059375,0.06275,0.0240625,0.01390625,0.008812500000000001,0.0048125,40.766961651917406,42.20779220779221,45.39007092198582,7.836838231550105
201588,George Hill,IND,36,32.90098148148148,1184.4353333333333,6.28325,34.966,84.091,10.413,3.346,1.321,0.3164951175046562,0.10169909374537403,0.040150777895289626,35.0,6.526085714285714,6.069,0.06902857142857143,0.06568571428571428,0.0236,0.020257142857142856,0.009457142857142858,0.008314285714285713,4.842715231788086,14.164648910411628,12.08459214501513,7.0039796333833895
201589,Darrell Arthur,DEN,40,20.254849999999998,810.194,6.0458,34.835,54.992,8.111,2.494,0.966,0.3604025702486071,0.11081790287264533,0.042923052997183395,35.0,6.198428571428571,5.933285714285714,0.064,0.05025714285714286,0.020914285714285715,0.014828571428571429,0.007914285714285714,0.006342857142857143,21.47321428571428,29.098360655737704,19.85559566787003,4.277581875590587
201596,Mario Chalmers,MEM,34,20.88478431372549,710.0826666666667,6.081411764705883,34.906,48.519,5.172,1.3800000000000001,0.542,0.2622117237054089,0.06996368497940146,0.027478490767272167,37.0,6.317594594594595,5.8562972972972975,0.038378378378378375,0.04156756756756757,0.010621621621621622,0.011189189189189189,0.00445945945945946,0.004432432432432433,-8.309859154929592,-5.343511450381677,0.6060606060606076,7.301786944226974
201599,DeAndre Jordan,LAC,38,32.59817543859649,1238.7306666666666,5.784973684210526,34.33,80.671,9.915,3.116,1.088,0.28814980496163817,0.09055721555829194,0.03161946422574507,32.0,5.97665625,5.496625,0.08784375,0.041875,0.024625,0.01675,0.0095625,0.0064375,52.33013162575596,31.979695431472084,32.6797385620915,8.03176943629642
201600,Omer Asik,NOP,35,15.811542857142857,553.404,6.011428571428572,32.808,37.48,3.112,0.616,0.097,0.20244161589001886,0.040071990805993454,0.0063100375132814366,,,,,,,,,,,,,
201601,Luc Mbah a Moute,LAC,35,15.22367619047619,532.8286666666667,6.2576,29.928,38.357,6.743,1.671,0.558,0.45558359597769393,0.11289933099195114,0.03770067426302139,18.0,6.531055555555556,5.550055555555556,0.1096111111111111,0.021388888888888888,0.027666666666666666,0.0038333333333333336,0.0105,0.0010555555555555555,80.4865686771414,86.144578313253,89.94708994708994,15.02054287634294
201603,Sonny Weems,PHX,20,8.740533333333333,174.81066666666666,6.41275,31.852,12.83,2.21,0.822,0.392,0.4551209689721451,0.16928028800683406,0.08072733929279678,,,,,,,,,,,,,
201609,Goran Dragic,MIA,36,31.075814814814812,1118.7293333333332,6.543694444444444,34.694,82.528,12.232,4.352,1.946,0.3936179975615192,0.14004459821678644,0.06262104506660533,29.0,6.796965517241379,6.2923103448275866,0.11996551724137931,0.05872413793103449,0.04589655172413793,0.020206896551724137,0.020517241379310346,0.00893103448275862,51.04915205518827,55.97295266716754,56.470588235294116,7.424712853606059
201627,Anthony Morrow,OKC,39,15.137316239316238,590.3553333333333,6.224666666666667,33.549,41.244,6.711,1.921,0.494,0.40923827796366713,0.11714300878679847,0.030124230265839894,,,,,,,,,,,,,
201933,Blake Griffin,LAC,28,33.84142857142857,947.56,5.667392857142858,34.754,60.519999999999996,6.257,2.086,0.723,0.23771792815230697,0.0792519734898054,0.02746844526995652,25.0,5.83376,5.43072,0.07916000000000001,0.03964,0.0254,0.01288,0.00916,0.0037199999999999998,49.92420414350682,49.291338582677156,59.388646288209614,6.9087518170099536
201935,James Harden,HOU,43,35.16499224806201,1512.0946666666666,5.730953488372093,34.985,97.586,9.225999999999999,2.737,1.132,0.21965291414735055,0.06516258682216546,0.026950693563277783,41.0,5.9646585365853655,5.506951219512195,0.0624390243902439,0.046634146341463414,0.01768292682926829,0.014268292682926828,0.006829268292682928,0.006560975609756098,25.3125,19.310344827586206,3.9285714285714315,7.673654984031956
201936,Tyreke Evans,NOP,24,28.761750000000003,690.282,5.998916666666666,34.807,46.693,4.178,1.212,0.456,0.21789355654645493,0.06320894938590316,0.023781584917468512,21.0,6.2570476190476185,5.635761904761905,0.05014285714285714,0.04214285714285714,0.014952380952380953,0.013523809523809525,0.005571428571428572,0.005333333333333333,15.954415954415953,9.554140127388532,4.273504273504282,9.929374876329918
201937,Ricky Rubio,MIN,38,28.46233333333333,1081.5686666666666,6.412657894736841,34.389,78.303,7.631,1.974,0.663,0.25399774278470844,0.06570456614559224,0.02206794698810925,32.0,6.655,6.20821875,0.068125,0.043062500000000004,0.01840625,0.01203125,0.0063125,0.004125,36.788990825688074,34.634974533106956,34.65346534653466,6.713467317806159
201939,Stephen Curry,GSW,40,33.41543333333333,1336.6173333333334,6.356575,34.373,95.994,11.841,3.468,1.209,0.31892149635447886,0.09340594116690591,0.032562797828947304,27.0,6.399259259259259,6.124185185185185,0.09655555555555556,0.049666666666666665,0.027296296296296294,0.014481481481481482,0.00962962962962963,0.004703703703703704,48.56156501726122,46.94708276797828,51.15384615384616,4.298529922444726
201941,Jordan Hill,IND,38,20.63540350877193,784.1453333333334,6.099157894736842,34.612,53.908,6.402,1.651,0.369,0.29391490352978783,0.07579717365318334,0.016940737176271745,29.0,6.155310344827586,5.929965517241379,0.04117241379310345,0.04148275862068966,0.010689655172413793,0.010137931034482758,0.0024827586206896553,0.0020344827586206895,-0.7537688442211178,5.161290322580647,18.055555555555568,3.6609823869493194
201942,DeMar DeRozan,TOR,42,35.06429457364341,1507.7646666666667,6.111930232558139,34.964,104.242,11.07,2.5220000000000002,0.8300000000000001,0.2643118046273357,0.06021629370100639,0.019817416245771338,41.0,6.405214285714286,5.778333333333333,0.08545238095238095,0.04047619047619048,0.016928571428571428,0.008499999999999999,0.0048095238095238095,0.002428571428571429,52.63304541655056,49.789029535864984,49.5049504950495,9.787041064014069
201945,Gerald Henderson,POR,36,15.77301851851852,567.8286666666667,6.5496944444444445,32.169,41.847,6.102,1.651,0.551,0.38686317351595495,0.10467241879299272,0.03493307253479043,15.0,6.553866666666666,6.4605999999999995,0.04653333333333333,0.0542,0.011666666666666665,0.015266666666666668,0.003266666666666667,0.004933333333333333,-16.475644699140407,-30.857142857142883,-51.02040816326529,1.4230784880172511
201946,Tyler Hansbrough,CHA,23,7.872027777777777,188.92866666666666,6.1155,34.46,13.137,2.065,0.509,0.163,0.3934818432353657,0.09698898702508531,0.03105934162099982,,,,,,,,,,,,,
201949,James Johnson,TOR,34,14.279504761904763,499.78266666666667,6.251542857142857,31.867,35.072,4.05,1.082,0.366,0.2917268039174361,0.07793787699720145,0.026363459316983112,,,,,,,,,,,,,
201950,Jrue Holiday,NOP,36,23.61096296296296,849.9946666666666,6.591361111111111,33.418,63.262,7.597,2.16,0.798,0.32175731298706195,0.09148292695169853,0.03379785912382196,36.0,6.820583333333333,6.38425,0.050694444444444445,0.06477777777777777,0.014527777777777778,0.01947222222222222,0.004611111111111111,0.008166666666666666,-27.780821917808197,-34.03441682600381,-77.10843373493974,6.3973022835290285
201951,Ty Lawson,HOU,36,22.393537037037035,806.1673333333333,6.337222222222222,34.878,57.543,7.956,2.4619999999999997,1.034,0.35528107894887007,0.10994243544144268,0.04617403665574806,29.0,6.565551724137931,6.019896551724138,0.06544827586206896,0.04931034482758621,0.021482758620689654,0.014758620689655173,0.009172413793103448,0.005724137931034483,24.657534246575334,31.30016051364365,37.59398496240601,8.31088072016429
201952,Jeff Teague,ATL,40,26.674533333333336,1066.9813333333334,5.912725,34.502,70.933,8.593,2.566,1.096,0.2899282211747534,0.08657695979685992,0.03697909116810541,33.0,6.068181818181818,5.697242424242424,0.06075757575757575,0.04357575757575757,0.01675757575757576,0.013757575757575758,0.00593939393939394,0.00609090909090909,28.27930174563591,17.902350813743222,-2.5510204081632524,6.112858926342072
201954,Darren Collison,SAC,35,27.687466666666666,969.0613333333333,6.2532,34.505,68.57600000000001,9.445,3.423,1.487,0.35087562397151334,0.1271622298416612,0.055241085531565946,34.0,6.44614705882353,5.958029411764706,0.046088235294117645,0.07732352941176471,0.017823529411764707,0.030647058823529413,0.008029411764705882,0.013852941176470587,-67.7728142948309,-71.94719471947194,-72.52747252747251,7.572238774644234
201956,Omri Casspi,SAC,36,28.62657407407407,1030.5566666666666,6.371222222222222,33.344,74.19,9.145,2.975,1.263,0.31945841567825806,0.10392441625399865,0.04411984461472279,35.0,6.692314285714286,6.071428571428571,0.06402857142857143,0.054085714285714286,0.02142857142857143,0.016857142857142855,0.009257142857142858,0.006828571428571429,15.528781793842041,21.333333333333343,26.234567901234573,9.27759348677161
201959,Taj Gibson,CHI,39,23.622,921.258,6.155333333333333,32.617,63.923,8.657,2.288,0.439,0.3382895996561224,0.08940817881635761,0.01715480354037631,31.0,6.337096774193548,6.0637741935483875,0.06006451612903226,0.04764516129032258,0.01603225806451613,0.01161290322580645,0.002967741935483871,0.0028064516129032257,20.67669172932332,27.565392354124757,5.434782608695649,4.313056757444633
201960,DeMarre Carroll,TOR,23,30.491027777777777,731.7846666666667,6.074833333333333,33.363,50.186,5.761,1.83,0.744,0.28341124028288833,0.09002648320043145,0.03660093087492951,21.0,6.366954545454546,5.626,0.08604545454545455,0.039863636363636365,0.024454545454545455,0.011181818181818182,0.009272727272727273,0.004727272727272727,53.67142102482831,54.27509293680297,49.019607843137265,11.637503301849755
201961,Wayne Ellington,BKN,40,17.31645,692.658,6.527925000000001,34.586,51.052,7.543,2.284,0.803,0.39203762895974636,0.11870793378550452,0.04173488214963229,31.0,6.66841935483871,6.386967741935484,0.049935483870967745,0.05054838709677419,0.014967741935483872,0.014967741935483872,0.0049354838709677416,0.005064516129032258,-1.2273901808785455,0.0,-2.614379084967322,4.220664567218615
201962,Toney Douglas,NOP,21,12.980634920634921,272.59333333333336,7.002904761904762,34.612,21.351,3.119,1.024,0.407,0.4119102937220279,0.13523441512387194,0.053750397417398316,,,,,,,,,,,,,
201967,Dante Cunningham,NOP,40,18.61048333333333,744.4193333333333,6.87235,34.724,57.384,12.985,3.642,1.129,0.6279525249657676,0.17612653799963998,0.05459825958308445,30.0,6.858066666666667,6.473233333333334,0.0922,0.08146666666666666,0.025766666666666667,0.024033333333333334,0.0088,0.0078,11.641359363702108,6.727037516170762,11.363636363636372,5.611396797931384
201971,DeJuan Blair,WAS,23,8.028898550724637,184.66466666666668,5.747565217391304,33.013,12.441,1.532,0.263,0.044000000000000004,0.2986602742989996,0.051271313407726435,0.008577710227908606,,,,,,,,,,,,,
201973,Jonas Jerebko,BOS,41,12.748016260162602,522.6686666666667,6.555024390243902,34.995,38.749,5.755,1.676,0.477,0.3963887893286122,0.11543833378188603,0.032854466118114344,22.0,6.543954545454546,6.614409090909091,0.037000000000000005,0.05518181818181818,0.009363636363636364,0.015045454545454546,0.002318181818181818,0.004272727272727273,-49.140049140049115,-60.679611650485434,-84.31372549019608,-1.0766356178846521
201976,Patrick Beverley,HOU,33,23.939272727272726,789.996,6.7020606060606065,34.52,59.682,9.575,2.628,0.764,0.43633132319657314,0.11975756839275137,0.03481536615375268,28.0,7.005035714285714,6.3276071428571425,0.09135714285714285,0.06875,0.026035714285714284,0.01842857142857143,0.008535714285714285,0.004285714285714286,24.74589523064893,29.218106995884764,49.79079497907949,9.670594113418405
201977,Marcus Thornton,HOU,37,18.25661261261261,675.4946666666666,6.241702702702703,34.755,47.513,5.232,1.532,0.539,0.27883565821393114,0.08164683264215263,0.02872561540086179,29.0,6.253137931034483,5.985379310344827,0.035,0.03586206896551724,0.011379310344827587,0.010413793103448275,0.0036551724137931034,0.004241379310344828,-2.4630541871921032,8.484848484848493,-16.037735849056613,4.28198807770996
201978,Chase Budinger,IND,37,15.256306306306307,564.4833333333333,6.466081081081081,31.684,41.263,6.95,1.938,0.635,0.4432371785408486,0.1235962089226136,0.04049720983790487,15.0,6.417199999999999,6.1608,0.04886666666666666,0.04406666666666667,0.014733333333333333,0.010933333333333333,0.0034666666666666665,0.004066666666666666,9.822646657571607,25.791855203619907,-17.307692307692303,3.9955120613351514
201980,Danny Green,SAS,41,22.998276422764228,942.9293333333334,6.85909756097561,33.352,73.326,10.307,2.874,1.021,0.393509870658388,0.10972614420027234,0.03898065178443912,34.0,7.009735294117647,6.9063823529411765,0.07961764705882353,0.049205882352941176,0.02358823529411765,0.01361764705882353,0.008,0.005,38.19726634650905,42.26932668329177,37.5,1.4744200292869947
201988,Patty Mills,SAS,41,18.630829268292683,763.864,7.027975609756098,34.409,60.657000000000004,9.798,3.031,1.107,0.46176806342490284,0.14284741786496025,0.05217159075437512,39.0,7.132692307692308,6.922923076923076,0.06297435897435898,0.05794871794871794,0.01905128205128205,0.017871794871794872,0.006153846153846154,0.006820512820512821,7.980456026058647,6.191117092866751,-10.833333333333337,2.9409544351577392
202066,Garrett Temple,WAS,37,23.724162162162163,877.794,6.500027027027027,32.212,64.449,11.002,3.739,1.246,0.4512129269509703,0.15334349517084872,0.051100827756854116,33.0,6.3488181818181815,6.052212121212122,0.08681818181818182,0.06836363636363638,0.02924242424242424,0.024121212121212123,0.010151515151515153,0.008393939393939395,21.256544502617793,17.51295336787563,17.3134328358209,4.671831073308782
202083,Wesley Matthews,DAL,39,30.52165811965812,1190.3446666666666,6.272333333333334,34.827,84.267,11.867,3.321,1.053,0.3588977310213233,0.10043813640531007,0.03184623837241538,36.0,6.428861111111111,6.043944444444445,0.08244444444444445,0.06508333333333333,0.020166666666666666,0.018000000000000002,0.005083333333333333,0.006444444444444444,21.057951482479794,10.743801652892548,-26.775956284153,5.987322793479055
202087,Alonzo Gee,NOP,41,19.858975609756097,814.218,6.8142195121951215,34.259,62.295,10.704,3.554,1.459,0.47326882972373496,0.15713727773151662,0.06450852228764288,25.0,6.9966800000000005,6.2192,0.09708,0.04812,0.03368,0.01752,0.01224,0.00804,50.43263288009888,47.980997624703086,34.31372549019607,11.112127466169678
202322,John Wall,WAS,40,33.57945,1343.178,5.9551,34.683,90.373,11.813,4.967,2.679,0.3166132858042642,0.13312606370860747,0.07180284370351508,38.0,6.161763157894737,5.815026315789474,0.08763157894736842,0.063,0.037789473684210526,0.025973684210526315,0.020578947368421054,0.014263157894736844,28.10810810810811,31.26740947075209,30.690537084398972,5.627234173403881
202323,Evan Turner,BOS,42,25.595761904761904,1075.022,6.033333333333333,34.321,73.096,9.933,2.912,1.036,0.3326331926230347,0.09751614385566064,0.03469324348711004,42.0,6.194904761904762,5.856738095238096,0.050904761904761904,0.06916666666666667,0.015047619047619048,0.02033333333333333,0.0045,0.008380952380952381,-35.87464920486436,-35.126582278481,-86.24338624338627,5.458787175328409
202324,Derrick Favors,UTA,26,31.010871794871793,806.2826666666666,6.0795,34.675,55.412,6.105,0.975,0.186,0.2725843045945839,0.043533119898397914,0.008304779796002065,23.0,6.162434782608695,5.878043478260869,0.06873913043478261,0.04482608695652174,0.009782608695652175,0.008869565217391306,0.002,0.0018260869565217392,34.78810879190386,9.333333333333327,8.695652173913041,4.614917875486825
202325,Wesley Johnson,LAC,39,17.51911111111111,683.2453333333333,6.318076923076923,34.025,48.597,7.74,3.061,1.281,0.4078183727075097,0.16128320915473993,0.06749552137445992,29.0,6.32048275862069,5.883586206896552,0.053206896551724135,0.05858620689655172,0.01979310344827586,0.023034482758620693,0.008413793103448275,0.010448275862068965,-10.110174983797789,-16.376306620209085,-24.18032786885246,6.912392113217024
202326,DeMarcus Cousins,SAC,32,32.809125,1049.892,5.50496875,34.94,65.081,4.852,0.961,0.216,0.1663713982009578,0.03295196077310809,0.007406476094684024,28.0,5.625678571428572,5.221535714285714,0.05142857142857143,0.028964285714285713,0.009535714285714286,0.005892857142857143,0.0027142857142857142,0.0008928571428571429,43.68055555555556,38.20224719101123,67.10526315789474,7.183895276125424
202328,Greg Monroe,MIL,43,27.57231007751938,1185.6093333333333,5.97393023255814,34.57,80.021,8.933,2.734,0.863,0.2712428039815251,0.08301554081333143,0.026204247155049383,36.0,6.197888888888889,5.5881944444444445,0.07344444444444445,0.028805555555555553,0.02386111111111111,0.007777777777777778,0.008138888888888888,0.0020555555555555553,60.779122541603634,67.40395809080326,74.74402730375427,9.837130922715614
202329,Al-Farouq Aminu,POR,45,28.330355555555556,1274.866,6.5244,34.975,93.78,15.32,4.846,1.709,0.4326101723632131,0.13684261718486493,0.048259189593259214,36.0,6.859083333333333,6.062305555555556,0.11344444444444443,0.06572222222222222,0.03383333333333333,0.021083333333333332,0.012972222222222222,0.006611111111111111,42.06660137120469,37.684729064039416,49.03640256959314,11.616388649276912
202330,Gordon Hayward,UTA,42,34.02553968253968,1429.0726666666667,6.326357142857143,34.435,101.897,11.84,2.912,1.103,0.2982633493328307,0.07335666159266918,0.02778585087112435,37.0,6.555378378378379,5.914918918918919,0.09045945945945946,0.05108108108108108,0.019675675675675675,0.01535135135135135,0.005702702702702703,0.006891891891891892,43.53152076486406,21.97802197802198,-20.853080568720372,9.76998462166408
202331,Paul George,IND,42,33.28690476190476,1398.05,6.395142857142857,34.969,101.018,11.431,3.221,1.199,0.29434998748256497,0.08294123958370588,0.03087443224491256,41.0,6.580463414634146,6.126926829268293,0.1001951219512195,0.04529268292682927,0.02790243902439024,0.012414634146341464,0.010097560975609756,0.004414634146341463,54.79552093476144,55.506993006993,56.28019323671498,6.892167873120342
202334,Ed Davis,POR,44,20.572560606060605,905.1926666666667,6.227840909090909,33.928,63.788,8.333,1.997,0.449,0.3314078991654815,0.07942176582664907,0.017856971885911583,41.0,6.158682926829268,6.159268292682927,0.03775609756097561,0.052317073170731705,0.008317073170731708,0.012658536585365854,0.0016585365853658538,0.0026097560975609758,-38.565891472868216,-52.19941348973607,-57.35294117647059,-0.009504724640206578
202335,Patrick Patterson,TOR,42,22.54060465116279,969.246,5.942697674418604,34.566,65.023,5.832,1.888,0.75,0.21661373892695973,0.07012461232752057,0.02785670510891972,38.0,6.064974358974359,5.823487179487179,0.0307948717948718,0.03941025641025641,0.00841025641025641,0.012384615384615385,0.002948717948717949,0.005564102564102564,-27.976686094920883,-47.25609756097561,-88.69565217391302,3.981668597326397
202337,Luke Babbitt,NOP,20,13.557033333333333,271.1406666666667,6.65715,33.113,21.009,4.098,1.03,0.234,0.5441013397719756,0.13675558320281478,0.031068744145105496,,,,,,,,,,,,,
202338,Kevin Seraphin,NYK,27,10.428592592592592,281.572,6.387925925925925,34.974,20.17,3.636,0.78,0.155,0.4648757688974756,0.09972582501100961,0.019817311380392937,,,,,,,,,,,,,
202339,Eric Bledsoe,PHX,30,32.20464444444444,966.1393333333333,6.341033333333333,34.067,69.045,9.079,3.26,1.505,0.33829903071261636,0.12147316225609969,0.05607886785135891,28.0,6.527964285714285,6.049892857142857,0.08875,0.06414285714285714,0.027857142857142858,0.026571428571428572,0.011892857142857144,0.013357142857142857,27.72635814889336,4.615384615384616,-12.3123123123123,7.323438175322643
202340,Avery Bradley,BOS,37,31.34190990990991,1159.6506666666667,6.329513513513514,33.665,82.41,12.97,4.147,1.776,0.40263849573089827,0.1287387696064792,0.055133844905017375,32.0,6.446,5.95040625,0.10796875,0.07215625,0.0319375,0.024625,0.0118125,0.010875,33.169319826338636,22.89628180039139,7.936507936507943,7.688392026062665
202341,James Anderson,SAC,20,9.953633333333332,199.07266666666666,6.55815,33.423,15.071,2.634,0.887,0.317,0.4763285768345897,0.160403738668292,0.057325800628916075,,,,,,,,,,,,,
202344,Trevor Booker,UTA,41,22.03468292682927,903.422,6.414585365853658,34.634,65.375,9.029,3.021,1.349,0.35979199089683445,0.12038227982050469,0.05375560922802411,38.0,6.502315789473684,6.253026315789474,0.05431578947368421,0.0505,0.017763157894736842,0.018289473684210526,0.008,0.008394736842105264,7.025193798449611,-2.9629629629629606,-4.934210526315796,3.8338567635822005
202355,Hassan Whiteside,MIA,39,27.668598290598286,1079.0753333333332,5.902923076923077,34.75,71.694,8.709999999999999,1.836,0.429,0.2905821218537105,0.061252442677774126,0.014312253762943953,29.0,6.041758620689656,5.795827586206896,0.07696551724137932,0.03241379310344828,0.013310344827586208,0.008344827586206896,0.0022758620689655173,0.002206896551724138,57.8853046594982,37.30569948186529,3.0303030303030307,4.070520686486592
202357,Nemanja Bjelica,MIN,38,17.782035087719297,675.7173333333333,6.297,34.524,48.219,6.721,1.716,0.432,0.35807280361808097,0.09142284347695684,0.023015541015177943,19.0,6.502526315789474,6.105105263157895,0.056315789473684215,0.05842105263157895,0.015789473684210527,0.014157894736842105,0.003052631578947368,0.004421052631578948,-3.738317757009342,10.333333333333334,-44.82758620689659,6.111794606144989
202362,Lance Stephenson,LAC,32,14.8465625,475.09,6.13953125,34.661,32.809,4.671,1.6,0.6819999999999999,0.35394556820812906,0.1212401860700078,0.05167862931234082,,,,,,,,,,,,,
202379,Jeremy Evans,DAL,22,8.65739393939394,190.46266666666665,6.423272727272728,33.092,14.329,3.365,1.01,0.253,0.6360301581412281,0.19090355415234483,0.04782039524806262,,,,,,,,,,,,,
202388,Donald Sloan,BKN,22,15.152151515151514,333.3473333333333,6.576499999999999,34.857,24.703,2.805,0.915,0.34700000000000003,0.30292727705436373,0.09881584973431116,0.037474426074104894,,,,,,,,,,,,,
202389,Timofey Mozgov,CLE,35,16.14205714285714,564.972,6.5321428571428575,34.015,41.457,7.245,1.595,0.255,0.46165119687347345,0.10163335528132367,0.016248592850619147,,,,,,,,,,,,,
202390,Gary Neal,WAS,32,19.933645833333333,637.8766666666667,6.25309375,34.616,44.94,6.8,1.99,0.714,0.3837732477020114,0.11231011219514744,0.040296191008711194,27.0,6.393037037037037,6.195407407407408,0.038037037037037036,0.06503703703703703,0.01062962962962963,0.01888888888888889,0.003666666666666667,0.007444444444444444,-70.983446932814,-77.70034843205576,-103.03030303030299,3.0913262113873854
202391,Jeremy Lin,CHA,40,26.62441666666667,1064.9766666666667,6.39685,34.753,76.782,8.782,2.509,0.987,0.29686284206539737,0.08481312579618332,0.03336411126378356,39.0,6.547487179487179,6.239589743589743,0.043333333333333335,0.06338461538461539,0.010948717948717948,0.01817948717948718,0.004025641025641026,0.0069743589743589745,-46.27218934911242,-66.04215456674474,-73.2484076433121,4.702528274695324
202397,Ish Smith,NOP,26,21.188538461538464,550.902,6.832653846153846,33.636,42.258,6.909,2.338,0.954,0.4514850191141074,0.15278216452290969,0.06234139647341995,27.0,6.882185185185185,6.444777777777778,0.09014814814814816,0.07340740740740741,0.02925925925925926,0.02388888888888889,0.011518518518518518,0.010296296296296296,18.57025472473296,18.35443037974683,10.61093247588424,6.355647162023251
202407,Elijah Millsap,UTA,20,8.1711,163.422,6.32685,32.17,11.954,2.095,0.628,0.266,0.46150457098799436,0.13834122700737966,0.058596761757902856,,,,,,,,,,,,,
202498,Lance Thomas,NYK,42,20.460841269841268,859.3553333333333,6.516880952380952,34.322,63.124,10.572,3.286,1.091,0.4428808261696946,0.13765667752493538,0.04570402774793198,40.0,6.522475,6.4010750000000005,0.057075,0.0711,0.017474999999999997,0.0222,0.005925,0.0075,-24.572930354796313,-27.038626609442083,-26.58227848101266,1.8612566548741007
202682,Derrick Williams,NYK,44,15.659242424242423,689.0066666666667,6.136681818181819,34.408,47.302,7.574,2.5060000000000002,0.807,0.39573492273901556,0.1309363237898037,0.04216504920126559,27.0,5.939,5.894518518518518,0.035777777777777776,0.05692592592592592,0.013481481481481481,0.018333333333333333,0.004074074074074074,0.0062592592592592596,-59.109730848861275,-35.989010989010985,-53.63636363636366,0.7489725792470526
202683,Enes Kanter,OKC,44,19.7,866.8,6.400022727272727,34.715,62.519,8.097,1.954,0.624,0.33628518689432396,0.08115366866635902,0.025916012921089065,42.0,6.3075238095238095,6.336857142857143,0.03461904761904762,0.055380952380952385,0.006928571428571428,0.014404761904761905,0.0017380952380952382,0.005071428571428571,-59.972489683631366,-107.90378006872854,-191.7808219178082,-0.46505307342705365
202684,Tristan Thompson,CLE,38,24.396473684210527,927.066,6.373026315789474,34.811,66.80799999999999,10.349,2.634,0.654,0.40187430021163545,0.10228397978137478,0.025396250105170506,34.0,6.522911764705882,6.079029411764706,0.06502941176470588,0.06847058823529412,0.01608823529411765,0.016911764705882352,0.004029411764705883,0.00411764705882353,-5.29172320217097,-5.118829981718441,-2.189781021897803,6.804972517686521
202685,Jonas Valanciunas,TOR,25,25.248948717948718,656.4726666666667,6.062653846153846,34.768,44.948,5.048,0.654,0.11,0.2768249300047019,0.035864402579848464,0.006032238966029558,22.0,6.226,6.129130434782609,0.07026086956521739,0.03169565217391304,0.010391304347826086,0.004782608695652174,0.0023043478260869566,0.0009565217391304347,54.88861386138614,53.97489539748954,58.49056603773586,1.5558876520621745
202687,Bismack Biyombo,TOR,42,21.907643410852714,942.0286666666667,6.161488372093023,34.702,65.651,8.17,2.1109999999999998,0.717,0.3122197979820855,0.0806727042276845,0.02740044004322586,36.0,6.141675675675676,5.989594594594595,0.055837837837837835,0.04856756756756757,0.013594594594594594,0.011621621621621621,0.004891891891891892,0.003621621621621622,13.020329138431746,14.512922465208748,25.96685082872927,2.4762147842388185
202688,Brandon Knight,PHX,40,34.16511666666666,1366.6046666666666,6.474424999999999,34.913,99.94,11.798,4.057,1.736,0.31079068465057197,0.10687216542018736,0.04573085510708535,37.0,6.74754054054054,6.219621621621622,0.08697297297297298,0.059405405405405405,0.02810810810810811,0.020756756756756756,0.012054054054054054,0.007729729729729731,31.69670602858919,26.15384615384616,35.8744394618834,7.823871761082109
202689,Kemba Walker,CHA,42,35.36553488372093,1520.718,6.29286046511628,34.643,107.798,10.895,3.425,1.369,0.2579176415351169,0.08108012136372422,0.0324083755173543,36.0,6.439027027027027,6.1525675675675675,0.08181081081081082,0.0547027027027027,0.024945945945945947,0.015270270270270269,0.009162162162162162,0.005486486486486487,33.13511727783285,38.78656554712894,40.11799410029498,4.448800389516632
202691,Klay Thompson,GSW,40,32.366,1294.64,6.394025,34.915,93.292,12.274000000000001,3.098,0.864,0.3413026014953964,0.08614595563245381,0.02402521164184638,33.0,6.671454545454545,6.070515151515152,0.09978787878787879,0.0493030303030303,0.024696969696969696,0.010696969696969696,0.007121212121212122,0.0028787878787878787,50.59216519890677,56.68711656441718,59.57446808510639,9.00762179888988
202692,Alec Burks,UTA,28,25.836238095238095,723.4146666666667,6.317285714285715,33.877,51.578,6.212,1.6380000000000001,0.593,0.30913390383754086,0.08151341508143785,0.029510045875026033,25.0,6.49076,6.1255999999999995,0.0498,0.05476,0.011479999999999999,0.01496,0.00404,0.00604,-9.95983935742973,-30.313588850174224,-49.504950495049506,5.625843506769629
202693,Markieff Morris,PHX,26,21.59325641025641,561.4246666666667,5.7635,26.256,36.431,3.585,0.953,0.314,0.22987946141779783,0.06110882196127233,0.020134491181363602,15.0,5.895266666666667,5.470066666666667,0.05733333333333333,0.028133333333333333,0.013733333333333335,0.006666666666666667,0.004933333333333333,0.0021333333333333334,50.93023255813953,51.45631067961165,56.75675675675676,7.212566013411894
202694,Marcus Morris,DET,41,34.49448780487805,1414.274,6.19619512195122,34.9,98.607,12.887,3.214,0.9390000000000001,0.3280354443339834,0.08181158672223346,0.023902016158113635,38.0,6.4260789473684214,5.884157894736842,0.09207894736842105,0.06773684210526315,0.02231578947368421,0.018578947368421053,0.006078947368421053,0.0054736842105263155,26.436124607030585,16.74528301886792,9.956709956709963,8.433152736996865
202695,Kawhi Leonard,SAS,39,30.045863247863245,1171.7886666666666,6.666538461538462,34.708,88.32,11.712,3.023,1.028,0.35981914827645256,0.0928734020867244,0.03158248671688809,34.0,6.890088235294118,6.470205882352941,0.1048529411764706,0.04979411764705882,0.025294117647058825,0.014117647058823528,0.008588235294117647,0.0052058823529411765,52.510518934081354,44.186046511627914,39.38356164383561,6.094005455406966
202696,Nikola Vucevic,ORL,38,28.951140350877196,1100.1433333333334,5.965315789473684,34.978,73.988,9.949,1.76,0.362,0.32556121475080513,0.05759249552331059,0.011845729192862748,27.0,6.166666666666667,5.72137037037037,0.10088888888888888,0.0417037037037037,0.018333333333333333,0.006518518518518518,0.0035925925925925925,0.001037037037037037,58.66372980910426,64.44444444444444,71.1340206185567,7.221021021021028
202699,Tobias Harris,ORL,41,30.607853658536587,1254.922,6.605439024390243,34.54,93.6,16.288,5.476,2.006,0.4672545385290879,0.1570902414652066,0.05754620605902199,33.0,6.9356060606060606,6.353878787878788,0.1343030303030303,0.08272727272727273,0.04796969696969697,0.026515151515151516,0.017272727272727273,0.009454545454545455,38.40252707581227,44.72520530638029,45.263157894736835,8.387547788093936
202702,Kenneth Faried,DEN,36,25.433907407407407,915.6206666666667,6.162527777777778,34.656,63.598,6.697,2.372,0.957,0.2633099150958439,0.0932613287453101,0.037626935754326206,27.0,6.276259259259259,5.924222222222222,0.06151851851851852,0.036037037037037034,0.019851851851851853,0.011703703703703704,0.007814814814814814,0.004666666666666667,41.42083082480434,41.04477611940299,40.284360189573455,5.6090263721608125
202703,Nikola Mirotic,CHI,39,22.311299145299145,870.1406666666667,6.354179487179487,34.282,62.488,8.189,2.004,0.645,0.33880039319313127,0.08291073244096164,0.026685340531147836,30.0,6.501766666666667,6.131633333333334,0.06516666666666666,0.0522,0.014533333333333334,0.0141,0.0038666666666666663,0.005699999999999999,19.897698209718662,2.981651376146795,-47.41379310344828,5.692811697333533
202704,Reggie Jackson,DET,42,29.549,1241.058,6.116809523809524,34.673,85.507,9.343,2.867,1.0030000000000001,0.2710171482718777,0.08316452575141534,0.02909453063434586,39.0,6.302692307692308,5.923846153846154,0.07174358974358974,0.04302564102564103,0.02053846153846154,0.012333333333333333,0.006230769230769231,0.004153846153846154,40.02859185132237,39.95006242197254,33.33333333333333,6.010862268871667
202708,Norris Cole,NOP,26,22.221333333333334,577.7546666666667,6.426730769230769,31.997,41.929,5.2379999999999995,1.653,0.676,0.3263807475375938,0.10299873533402874,0.0421216848673947,23.0,6.538608695652174,6.193739130434782,0.03721739130434783,0.0558695652173913,0.012347826086956523,0.019043478260869565,0.005739130434782609,0.00808695652173913,-50.116822429906534,-54.22535211267604,-40.909090909090914,5.274356996568887
202709,Cory Joseph,TOR,42,24.33973643410853,1046.6086666666667,6.624418604651163,34.15,78.213,8.983,2.578,0.911,0.30898654893615124,0.08867497753060201,0.03133549438726859,41.0,6.806071428571429,6.382404761904762,0.031166666666666665,0.06161904761904762,0.008047619047619048,0.016666666666666666,0.002761904761904762,0.006142857142857143,-97.70817417876243,-107.10059171597632,-122.41379310344827,6.22483426912247
202710,Jimmy Butler,CHI,39,36.092991452991456,1407.6266666666668,6.456333333333333,34.939,102.771,11.654,3.729,1.688,0.2980506194824385,0.09536903724472398,0.04317053764255674,37.0,6.695648648648649,6.208378378378379,0.10108108108108109,0.04981081081081081,0.0302972972972973,0.017324324324324326,0.014270270270270271,0.00827027027027027,50.72192513368984,42.81891168599464,42.04545454545456,7.27741695897698
202711,Bojan Bogdanovic,BKN,41,25.907105691056913,1062.1913333333334,6.294829268292683,34.972,75.539,11.789,3.872,1.433,0.3995551335070203,0.13123059436247203,0.04856752110573927,38.0,6.388815789473685,6.036894736842105,0.07802631578947368,0.07136842105263158,0.025157894736842105,0.022763157894736843,0.009157894736842104,0.00873684210526316,8.532883642495777,9.518828451882841,4.597701149425265,5.508392544537138
202713,Kyle Singler,OKC,33,10.815232323232323,356.9026666666667,6.679969696969697,33.739,26.814,6.252,2.185,0.724,0.6306257168154156,0.22039622380705104,0.0730283139754256,,,,,,,,,,,,,
202718,Chandler Parsons,DAL,36,24.179944444444445,870.478,6.4782222222222225,34.123,63.492,7.31,1.512,0.472,0.30231665820388337,0.06253116104025605,0.01952030953108522,24.0,6.500083333333333,6.194375,0.06704166666666667,0.034166666666666665,0.01525,0.007291666666666666,0.005166666666666667,0.001625,49.0366687383468,52.18579234972679,68.5483870967742,4.703144831476521
202720,Jon Leuer,PHX,39,19.53288888888889,761.7826666666667,6.56425641025641,34.702,56.129,7.594,2.214,0.693,0.35887400956003196,0.10462826667973542,0.03274949810707165,24.0,6.598708333333334,6.466375,0.052583333333333336,0.05741666666666667,0.014791666666666667,0.01979166666666667,0.004166666666666667,0.0072499999999999995,-9.191759112519813,-33.80281690140847,-73.99999999999999,2.0054429844224573
202730,Lavoy Allen,IND,41,20.363333333333333,834.8966666666666,6.1775365853658535,34.9,58.139,7.997,2.116,0.598,0.34482351109318915,0.09124003369678484,0.025785226914308755,31.0,6.228870967741935,5.901322580645162,0.0524516129032258,0.043064516129032254,0.013483870967741935,0.011129032258064515,0.00367741935483871,0.0032258064516129032,17.89667896678967,17.464114832535895,12.280701754385973,5.258551490199113
202734,E'Twaun Moore,CHI,28,14.155952380952382,396.3666666666667,6.527035714285715,34.998,29.302,3.858,1.063,0.383,0.3504028256664704,0.09654696829534942,0.03478597258430746,,,,,,,,,,,,,
202738,Isaiah Thomas,BOS,42,31.287761904761904,1314.086,6.267380952380953,34.811,92.57900000000001,10.795,3.483,1.412,0.2957340691552912,0.09541841249355065,0.03868239978205383,39.0,6.371307692307692,6.147333333333334,0.07125641025641026,0.05433333333333333,0.02115384615384615,0.017384615384615387,0.007205128205128206,0.006923076923076923,23.749550197912924,17.818181818181795,3.914590747330969,3.5153593232480387
203076,Anthony Davis,NOP,37,33.50163963963964,1239.5606666666667,5.922810810810811,34.936,82.869,8.994,2.055,0.568,0.2612086755468738,0.05968243587378539,0.016496167190418538,34.0,6.097470588235294,5.618029411764706,0.08641176470588235,0.04308823529411765,0.02035294117647059,0.009558823529411765,0.005,0.002735294117647059,50.1361470388019,53.03468208092485,45.294117647058826,7.862951850815667
203078,Bradley Beal,WAS,21,32.27139682539683,677.6993333333334,6.5310476190476185,34.822,49.82,6.5,1.762,0.629,0.3452858642328112,0.09359902965818667,0.033413047477298195,21.0,6.661,6.308095238095238,0.09785714285714286,0.05833333333333333,0.023904761904761904,0.016142857142857143,0.008285714285714285,0.005047619047619047,40.389294403892954,32.47011952191235,39.08045977011494,5.298074792144741
203079,Dion Waiters,OKC,44,25.57478787878788,1125.2906666666668,5.91225,34.877,74.828,8.600999999999999,2.929,1.322,0.2751609065746568,0.09370378971714566,0.04229307272313643,43.0,6.0113720930232555,5.7955813953488375,0.039488372093023257,0.05886046511627907,0.012186046511627907,0.0216046511627907,0.004418604651162791,0.010534883720930232,-49.05771495877503,-77.29007633587787,-138.42105263157893,3.589707879252104
203080,Thomas Robinson,BKN,34,9.592254901960784,326.13666666666666,6.461441176470588,34.638,23.58,3.566,1.17,0.482,0.3936263938430719,0.12914831205731747,0.05320468924070686,16.0,6.7589375,6.591875,0.0355625,0.0353125,0.010624999999999999,0.011125,0.0048125,0.005,0.7029876977152907,-4.705882352941181,-3.8961038961038996,2.4717272500300544
203081,Damian Lillard,POR,38,35.24015789473684,1339.126,6.221,34.915,94.293,7.928,2.098,0.78,0.21313005646966754,0.0564009660031991,0.020968900611294233,34.0,6.389676470588235,6.000029411764706,0.06379411764705882,0.0413235294117647,0.015147058823529413,0.010499999999999999,0.005117647058823529,0.0034705882352941177,35.22360534808668,30.679611650485448,32.183908045977006,6.098071797798823
203082,Terrence Ross,TOR,36,21.73163963963964,804.0706666666666,6.503270270270271,34.924,58.784,7.793,2.259,0.8230000000000001,0.34890963149175946,0.10114036411393361,0.0368475075988346,32.0,6.629969696969696,6.421151515151515,0.05315151515151515,0.058939393939393944,0.014393939393939393,0.018060606060606058,0.0038787878787878787,0.007090909090909091,-10.88939566704676,-25.473684210526308,-82.81250000000001,3.1496098981210072
203083,Andre Drummond,DET,42,32.01419047619048,1344.596,5.883666666666667,34.776,89.111,12.406,4.67,1.876,0.3321562759371588,0.12503383916061034,0.05022772639514025,39.0,5.949128205128205,5.724923076923076,0.10082051282051283,0.054974358974358976,0.037974358974358975,0.02082051282051282,0.015538461538461537,0.007871794871794872,45.473041709053916,45.172180958811616,49.339933993399335,3.7687056065099047
203084,Harrison Barnes,GSW,26,28.32251282051282,736.3853333333333,6.501538461538461,34.773,54.116,9.588,2.955,0.917,0.46873285544343635,0.14446241007878122,0.04482979020042044,22.0,6.792772727272728,6.106,0.10131818181818182,0.08681818181818181,0.029863636363636367,0.025409090909090912,0.008363636363636363,0.008727272727272728,14.311350381336934,14.916286149162858,-4.347826086956533,10.110344550692254
203085,Austin Rivers,LAC,36,21.021814814814817,756.7853333333334,6.38225,34.922,54.36,5.914,1.525,0.531,0.28132680513540603,0.07254368918354653,0.02525947472554965,36.0,6.540972222222222,6.247694444444445,0.03422222222222222,0.04805555555555555,0.008027777777777778,0.012861111111111111,0.002472222222222222,0.005166666666666667,-40.42207792207791,-60.207612456747405,-108.98876404494385,4.483703153200967
203086,Meyers Leonard,POR,38,22.570245614035088,857.6693333333333,5.815605263157894,32.987,56.282,5.497,1.775,0.733,0.23073227910678865,0.07450423784146805,0.030767102162138633,33.0,5.910848484848485,5.5865757575757575,0.03890909090909091,0.03787878787878788,0.011606060606060606,0.012303030303030303,0.004818181818181819,0.0048484848484848485,2.6479750778816125,-6.005221932114888,-0.6289308176100525,5.486060556347339
203087,Jeremy Lamb,CHA,38,21.431264957264958,835.8193333333334,6.509564102564102,34.798,61.007,9.081,2.312,0.714,0.39113237390217503,0.09958132897938868,0.03075305747892886,34.0,6.279571428571429,6.489085714285714,0.042314285714285714,0.07300000000000001,0.010571428571428572,0.017714285714285714,0.0029714285714285715,0.0054571428571428575,-72.51856853477382,-67.56756756756755,-83.65384615384616,-3.336442432377093
203089,John Henson,MIL,40,15.0512,602.048,6.194100000000001,34.661,41.99,4.459,1.269,0.314,0.26662990326352715,0.07588099287764431,0.018775911555224834,27.0,6.216592592592593,6.065148148148148,0.028,0.030259259259259257,0.007666666666666667,0.008703703703703703,0.0024074074074074076,0.0026666666666666666,-8.068783068783057,-13.526570048309164,-10.769230769230758,2.436132691482785
203090,Maurice Harkless,POR,45,16.84277037037037,757.9246666666667,6.545044444444444,34.973,56.033,9.162,3.12,1.403,0.43517781450575127,0.14819414770333378,0.0666398683422363,29.0,6.414,6.471724137931035,0.04224137931034483,0.06389655172413793,0.011862068965517242,0.022551724137931037,0.004724137931034483,0.010448275862068965,-51.26530612244896,-90.11627906976744,-121.16788321167881,-0.8999709686784367
203092,Tyler Zeller,BOS,25,8.497466666666666,212.43666666666667,6.426799999999999,32.807,15.456,2.8609999999999998,0.839,0.246,0.48483155764070857,0.14217884545982332,0.04168771869262996,,,,,,,,,,,,,
203093,Terrence Jones,HOU,37,21.959225225225225,812.4913333333334,6.198297297297297,34.936,56.432,7.274,2.017,0.701,0.32229759168713185,0.08936956866001441,0.031060023614610858,25.0,6.2892399999999995,5.87572,0.06428,0.03916,0.01828,0.0092,0.00588,0.0038,39.07902924704418,49.67177242888403,35.374149659863946,6.575039273425712
203094,Andrew Nicholson,ORL,31,15.606365591397848,483.7973333333333,6.154935483870967,34.179,33.29,4.418,1.066,0.337,0.328749228327013,0.0793224711173825,0.02507661610371285,20.0,6.0836,5.88575,0.0451,0.05255,0.0104,0.01075,0.00355,0.0026,-16.518847006651878,-3.365384615384612,26.7605633802817,3.2521862055361934
203095,Evan Fournier,ORL,41,29.561138211382115,1212.0066666666667,6.7157073170731705,34.867,91.775,14.267,2.735,0.719,0.42376994625992154,0.0812371769132183,0.02135631817206726,34.0,6.991735294117647,6.371852941176471,0.10764705882352942,0.0708235294117647,0.0195,0.014088235294117646,0.004617647058823529,0.004029411764705883,34.20765027322405,27.752639517345408,12.7388535031847,8.865929942495129
203096,Jared Sullinger,BOS,41,23.371821138211384,958.2446666666667,5.832804878048781,34.482,62.787,5.091,0.648,0.139,0.19126221765213752,0.024344513266270896,0.005222048370388355,28.0,5.980714285714286,5.593107142857143,0.03875,0.02675,0.0037857142857142855,0.0031785714285714286,0.0002142857142857143,0.0006785714285714286,30.967741935483872,16.0377358490566,-216.66666666666666,6.480950674788012
203099,Jared Cunningham,CLE,30,10.199066666666665,305.972,6.1348,30.347,22.536,3.629,1.321,0.574,0.42698024655850864,0.1554259866915927,0.06753559149203195,,,,,,,,,,,,,
203101,Miles Plumlee,MIL,25,7.2754666666666665,181.88666666666666,6.409199999999999,32.902,13.33,2.8240000000000003,0.798,0.339,0.5589414653813731,0.15794450756881576,0.06709672689953451,,,,,,,,,,,,,
203105,Festus Ezeli,GSW,37,17.352396396396397,642.0386666666667,6.51172972972973,34.911,46.968,7.313,1.857,0.485,0.41005006967389296,0.10412456985975922,0.027194623792128822,28.0,6.72975,6.343107142857143,0.06239285714285714,0.046,0.016642857142857143,0.012607142857142857,0.00475,0.004178571428571429,26.273611906124785,24.248927038626615,12.030075187969912,5.745278162529919
203109,Jae Crowder,BOS,42,31.190253968253966,1309.9906666666666,6.201714285714285,34.745,91.365,11.559,3.345,1.26,0.317654171581884,0.09192431905367265,0.034626200899141264,39.0,6.4953076923076924,5.783564102564102,0.09038461538461538,0.045717948717948716,0.024435897435897434,0.01305128205128205,0.009,0.004717948717948718,49.41843971631206,46.5897166841553,47.57834757834757,10.957811753652544
203110,Draymond Green,GSW,41,33.90543089430894,1390.1226666666666,5.828487804878049,34.515,91.369,10.544,3.587,1.577,0.2730579171910009,0.09289252171511003,0.040839561400816425,32.0,5.99834375,5.640125,0.08725000000000001,0.04359375,0.0293125,0.01425,0.013625,0.00528125,50.03581661891118,51.385927505330486,61.23853211009175,5.971961010070484
203112,Quincy Acy,SAC,20,10.747066666666665,214.94133333333332,6.2428,33.454,15.504,3.093,1.154,0.495,0.5180390308053051,0.19328064712231555,0.08290634343634852,,,,,,,,,,,,,
203114,Khris Middleton,MIL,45,32.82284444444444,1477.028,6.236555555555555,34.741,103.89,11.176,3.081,1.064,0.2723956485591336,0.07509404019422787,0.02593315766525753,42.0,6.417547619047618,5.9172142857142855,0.08685714285714285,0.04254761904761904,0.023476190476190477,0.01304761904761905,0.008357142857142856,0.005523809523809524,51.01425438596492,44.42190669371196,33.9031339031339,7.796332228970412
203115,Will Barton,DEN,43,27.908248062015502,1200.0546666666667,6.266093023255814,34.887,84.878,9.612,3.307,1.455,0.2883468641984087,0.09920548063921533,0.0436480115905831,43.0,6.284534883720931,6.1910232558139535,0.03376744186046512,0.07174418604651163,0.011279069767441861,0.024976744186046514,0.005162790697674419,0.011186046511627907,-112.46556473829202,-121.44329896907217,-116.66666666666666,1.4879641793254126
203118,Mike Scott,ATL,37,13.186126126126126,487.88666666666666,6.576135135135135,33.843,36.137,6.027,1.705,0.493,0.44471803560936285,0.12580790620772586,0.036377300739242724,25.0,6.1946,6.59704,0.02972,0.0696,0.009439999999999999,0.018520000000000002,0.0024,0.00664,-134.185733512786,-96.18644067796615,-176.6666666666667,-6.496626093694499
203123,Kostas Papanikolaou,DEN,26,10.811128205128206,281.08933333333334,6.497538461538462,33.393,20.986,3.079,0.987,0.358,0.3943372688160822,0.12640821186147227,0.04585019234691699,,,,,,,,,,,,,
203124,Kyle O'Quinn,NYK,35,11.119466666666666,389.1813333333333,6.041971428571428,34.217,26.061,3.7279999999999998,0.839,0.20099999999999998,0.3448469607997643,0.07760906655338043,0.018592875300631067,19.0,5.98178947368421,5.685842105263157,0.04431578947368421,0.029210526315789475,0.008947368421052633,0.0070526315789473685,0.002210526315789474,0.0016842105263157896,34.0855106888361,21.1764705882353,23.809523809523817,4.947472152321962
203138,Hollis Thompson,PHI,39,25.55288888888889,996.5626666666667,6.476641025641025,34.273,72.685,12.068,2.577,0.682,0.43594649341335945,0.0930919881940858,0.02463668449684382,38.0,6.693631578947368,6.190157894736842,0.0775263157894737,0.0866842105263158,0.016421052631578947,0.017763157894736842,0.004684210526315789,0.004105263157894737,-11.812627291242356,-8.173076923076922,12.359550561797745,7.521682038701355
203141,Mirza Teletovic,PHX,42,17.265746031746033,725.1613333333333,6.139380952380952,34.611,50.196,5.532,1.36,0.323,0.2746313004370522,0.06751601023036713,0.016035052429712194,25.0,6.122000000000001,6.142799999999999,0.03096,0.04375999999999999,0.00676,0.0098,0.0014399999999999999,0.00272,-41.343669250645966,-44.97041420118342,-88.88888888888891,-0.33975824893823253
203142,Chris Copeland,MIL,20,6.682599999999999,133.652,5.7021,28.773,8.826,0.888,0.26,0.091,0.23918833986771618,0.07003262203334032,0.024511417711669113,,,,,,,,,,,,,
203143,Pablo Prigioni,LAC,20,13.794566666666665,275.8913333333333,6.92175,34.531,21.650000000000002,2.697,0.737,0.255,0.35192116702953097,0.09616829814637165,0.0332739701863294,15.0,7.1437333333333335,6.8964,0.037,0.05566666666666666,0.012666666666666666,0.017333333333333333,0.0044666666666666665,0.0068000000000000005,-50.45045045045045,-36.84210526315789,-52.23880597014927,3.4622419649856324
203145,Kent Bazemore,ATL,38,26.270561403508772,998.2813333333334,6.558921052631579,34.971,73.693,11.108,4.106,1.959,0.4005764574047931,0.14807048380483256,0.07064541592149708,33.0,6.682878787878788,6.308939393939394,0.08318181818181819,0.06666666666666667,0.02993939393939394,0.024454545454545455,0.013181818181818182,0.012545454545454545,19.854280510018224,18.31983805668016,4.827586206896551,5.595483710068698
203148,Brian Roberts,CHA,22,9.979159420289855,229.52066666666667,6.410217391304348,33.665,16.745,2.145,0.63,0.21,0.33644029150606625,0.09881463107171176,0.032938210357237256,,,,,,,,,,,,,
203186,Willie Reed,BKN,23,9.45031884057971,217.35733333333334,6.331391304347827,34.478,15.522,3.017,1.135,0.491,0.49969328540406577,0.18798537584806585,0.08132230796599148,,,,,,,,,,,,,
203187,Chris Johnson,UTA,32,10.049166666666666,321.5733333333333,6.54225,32.732,24.186,5.052,1.957,0.946,0.5655692843519363,0.21908533045857867,0.10590430383945601,,,,,,,,,,,,,
203200,Justin Holiday,ATL,24,9.825194444444444,235.80466666666666,6.241583333333334,34.871,17.311,3.2,1.2690000000000001,0.587,0.48853994973240567,0.19373662381575713,0.08961654702903815,,,,,,,,,,,,,
203210,JaMychal Green,MEM,43,14.634418604651161,629.28,6.40106976744186,34.722,45.365,6.975,2.489,1.174,0.39902745995423344,0.1423913043478261,0.06716247139588101,33.0,6.723393939393939,6.089121212121213,0.04054545454545455,0.04509090909090909,0.016090909090909093,0.014696969696969696,0.008515151515151516,0.006484848484848485,-11.21076233183855,8.662900188323935,23.843416370106766,9.433817696689974
203382,Aron Baynes,DET,41,13.491463414634145,553.15,6.158829268292683,34.987,38.42,6.595,1.445,0.35100000000000003,0.4292144987797162,0.09404320708668534,0.022843713278495888,,,,,,,,,,,,,
203457,Nerlens Noel,PHI,36,28.109092592592592,1011.9273333333333,6.236361111111112,34.901,71.28,8.207,1.87,0.664,0.291969581478512,0.06652651606735926,0.023622249555468742,29.0,6.3933448275862075,6.084931034482758,0.06355172413793103,0.05506896551724138,0.013655172413793104,0.015620689655172415,0.004999999999999999,0.006517241379310345,13.347802495930544,-14.393939393939394,-30.344827586206925,4.823981834558583
203458,Alex Len,PHX,40,17.7662,710.648,6.1823999999999995,34.89,49.376,8.017,1.762,0.376,0.40612511398047973,0.08925938017133658,0.019047404622260247,28.0,6.343892857142857,6.081571428571428,0.07614285714285715,0.04807142857142858,0.016107142857142858,0.010142857142857143,0.003678571428571428,0.002107142857142857,36.866791744840526,37.02882483370289,42.71844660194174,4.1350229973709185
203459,Allen Crabbe,POR,45,25.43454814814815,1144.5546666666667,6.3309999999999995,34.402,81.969,11.671,3.916,1.487,0.36709124713425656,0.12317104993383163,0.04677102943095189,45.0,6.453377777777778,6.1216,0.06146666666666667,0.06857777777777778,0.01851111111111111,0.024444444444444446,0.006244444444444444,0.00951111111111111,-11.569052783803322,-32.05282112845139,-52.31316725978649,5.141149165639358
203460,Andre Roberson,OKC,43,20.93034108527132,900.0046666666667,6.785162790697674,34.619,68.743,16.381,5.874,2.602,0.6552366024768761,0.234958781695206,0.10407946032872421,26.0,7.021692307692307,6.191115384615385,0.15207692307692308,0.04615384615384615,0.05361538461538461,0.015423076923076925,0.022346153846153845,0.00676923076923077,69.65098634294385,71.2338593974175,69.70740103270224,11.828728555465469
203462,Archie Goodwin,PHX,22,13.272727272727273,292.0,6.591681818181818,34.187,21.560000000000002,3.107,1.034,0.42,0.38305479452054797,0.12747945205479452,0.05178082191780822,,,,,,,,,,,,,
203463,Ben McLemore,SAC,40,19.715233333333334,788.6093333333333,6.958825,33.271,61.986,10.934,4.158,1.89,0.4991368772370603,0.18981261528733284,0.08627846149424218,22.0,7.295863636363637,6.325,0.119,0.04359090909090909,0.046181818181818185,0.014227272727272727,0.019181818181818182,0.006318181818181817,63.36898395721925,69.19291338582677,67.06161137440759,13.307041972724276
203468,CJ McCollum,POR,43,34.32378294573643,1475.9226666666666,6.610255813953488,34.934,110.33,12.711,3.162,1.045,0.3100406344686533,0.07712599214773674,0.02548914035243039,43.0,6.883744186046511,6.3512093023255805,0.07986046511627908,0.06446511627906977,0.016023255813953488,0.01586046511627907,0.004325581395348837,0.005627906976744186,19.277810133954574,1.0159651669085576,-30.107526881720425,7.73612251309962
203469,Cody Zeller,CHA,38,24.386495726495728,951.0733333333334,6.700076923076923,34.385,71.45100000000001,15.467,4.876,1.683,0.5854564316806976,0.18456620940551377,0.0637048667820918,35.0,6.978972222222222,6.437305555555556,0.14394444444444446,0.07238888888888889,0.04644444444444444,0.02213888888888889,0.013583333333333333,0.008055555555555555,49.710536472404485,52.33253588516747,40.695296523517385,7.761410268146767
203471,Dennis Schroder,ATL,41,20.131756097560977,825.402,6.493682926829268,34.692,60.342,8.318,2.655,0.988,0.36279049481343634,0.11579812018870803,0.04309172984800134,41.0,6.57819512195122,6.402487804878049,0.05019512195121951,0.0493170731707317,0.016634146341463416,0.01597560975609756,0.006121951219512195,0.005414634146341464,1.7492711370262408,3.9589442815249303,11.553784860557764,2.6710566320363607
203473,Dewayne Dedmon,ORL,25,11.049066666666668,276.2266666666667,6.2958799999999995,32.211,19.472,3.547,1.176,0.514,0.4622725298064391,0.15326543418448615,0.06698846358063426,,,,,,,,,,,,,
203476,Gorgui Dieng,MIN,44,22.61689393939394,995.1433333333333,6.001977272727273,34.87,67.253,7.292,2.021,0.571,0.26379315542484666,0.07311107612638715,0.02065632086500102,41.0,6.065439024390244,5.813560975609756,0.04729268292682927,0.0394390243902439,0.01421951219512195,0.010926829268292684,0.0037804878048780487,0.0035609756097560973,16.60649819494585,23.15608919382503,5.806451612903231,4.15267629874177
203477,Isaiah Canaan,PHI,40,24.46888333333333,978.7553333333333,6.23085,34.551,68.717,10.296,2.6999999999999997,0.921,0.3787013846838127,0.099309803675825,0.033875677476086975,33.0,6.451606060606061,5.9114545454545455,0.07048484848484848,0.053454545454545456,0.017121212121212124,0.01312121212121212,0.006060606060606061,0.004454545454545454,24.161650902837486,23.362831858407095,26.500000000000007,8.372357364621445
203481,Jeff Withey,UTA,34,14.607490196078432,496.6546666666667,6.306470588235293,34.68,35.286,5.304,1.173,0.298,0.3844602956849964,0.0850248730841819,0.021600521891804093,22.0,6.112136363636363,6.167090909090908,0.04286363636363636,0.04145454545454546,0.008454545454545454,0.0065,0.0018636363636363638,0.0012727272727272728,3.287380699893938,23.118279569892472,31.70731707317073,-0.8991053567046121
203482,Kelly Olynyk,BOS,41,19.885756097560975,815.316,6.386682926829268,34.886,58.4,8.011,2.07,0.567,0.35372297366910493,0.09140014423855289,0.025035691682734052,34.0,6.505911764705882,6.3207941176470595,0.06170588235294117,0.043676470588235296,0.01658823529411765,0.009705882352941177,0.0041470588235294125,0.0029117647058823533,29.218303145853184,41.48936170212767,29.787234042553195,2.8453759250636144
203484,Kentavious Caldwell-Pope,DET,42,35.675492063492065,1498.3706666666667,6.2282142857142855,34.883,105.027,12.795,4.688,2.239,0.307413919831141,0.11263434592953411,0.053794432708239526,38.0,6.5525,5.852342105263158,0.09805263157894736,0.05384210526315789,0.03671052631578947,0.019605263157894737,0.016710526315789474,0.009526315789473683,45.088566827697264,46.59498207885304,42.99212598425198,10.685355127613
203486,Mason Plumlee,POR,45,25.454874074074073,1145.4693333333332,6.272844444444445,34.72,81.124,13.486,4.985,2.103,0.4238402424857584,0.15666940596110823,0.06609343244457586,34.0,6.455558823529412,6.198941176470589,0.09547058823529411,0.05891176470588236,0.03720588235294117,0.02252941176470588,0.017441176470588234,0.00938235294117647,38.293284041897714,39.44664031620553,46.20573355817875,3.97514226225459
203487,Michael Carter-Williams,MIL,40,27.9407,1117.628,6.584925,32.564,83.18,9.176,3.2640000000000002,1.412,0.29556882970004333,0.10513695075642344,0.04548203874634494,33.0,6.828090909090909,6.333848484848485,0.07548484848484849,0.054121212121212126,0.026333333333333334,0.019818181818181818,0.011575757575757576,0.009393939393939394,28.30188679245283,24.74108170310702,18.84816753926702,7.2383691257594505
203488,Mike Muscala,ATL,28,11.024238095238095,308.6786666666667,6.693,34.665,23.193,4.1209999999999996,1.3860000000000001,0.466,0.4806163043337407,0.16164382378222875,0.05434777913601631,,,,,,,,,,,,,
203490,Otto Porter,WAS,34,30.039549019607847,1021.3446666666667,6.666411764705883,34.541,76.76,11.069,3.399,1.241,0.39015624500250323,0.11980676454634641,0.0437423344519023,27.0,6.877851851851852,6.414407407407407,0.11233333333333333,0.055888888888888884,0.03314814814814815,0.016296296296296295,0.011703703703703704,0.005962962962962963,50.247279920870426,50.837988826815646,49.050632911392405,6.73821498960701
203496,Robert Covington,PHI,33,25.12191919191919,829.0233333333333,6.350242424242424,34.859,59.176,9.553,2.701,1.054,0.4148351272782833,0.11728982296437174,0.045769519957218736,29.0,6.520482758620689,6.202551724137931,0.07610344827586206,0.07220689655172413,0.020310344827586205,0.020586206896551724,0.006827586206896552,0.007379310344827586,5.120072496601718,-1.3582342954159683,-8.080808080808069,4.8758818365469025
203497,Rudy Gobert,UTA,22,31.11309090909091,684.488,6.261499999999999,32.367,48.286,4.861,1.03,0.223,0.255659704772034,0.05417187737403724,0.011728474421757576,22.0,6.386636363636364,6.052136363636364,0.0710909090909091,0.04281818181818182,0.014545454545454545,0.010363636363636365,0.002681818181818182,0.0027727272727272726,39.769820971867006,28.749999999999993,-3.3898305084745686,5.2374987545015905
203498,Shabazz Muhammad,MIN,44,18.89230303030303,831.2613333333334,6.5047500000000005,34.927,60.909,10.516,3.915,1.656,0.4554235651523949,0.16954956804598956,0.07171751843784385,41.0,6.25,6.348682926829268,0.03848780487804878,0.06799999999999999,0.014048780487804877,0.024878048780487806,0.005804878048780488,0.010560975609756098,-76.67934093789604,-77.08333333333336,-81.93277310924371,-1.5789268292682834
203499,Shane Larkin,BKN,37,19.062954954954954,705.3293333333334,6.383027027027027,34.976,50.686,6.211,1.9969999999999999,0.856,0.31700935922131884,0.10192685402752755,0.04369022886708242,26.0,6.437307692307693,6.364769230769231,0.032615384615384616,0.059076923076923075,0.00926923076923077,0.020153846153846154,0.003269230769230769,0.0085,-81.1320754716981,-117.42738589211619,-160.00000000000003,1.1268447153014263
203500,Steven Adams,OKC,43,23.29877519379845,1001.8473333333333,6.306581395348837,33.856,71.104,8.242,1.562,0.394,0.2961648847362639,0.05612831229774863,0.014157845739636979,26.0,6.452192307692308,6.269961538461539,0.07611538461538461,0.04103846153846154,0.013692307692307691,0.007307692307692308,0.0037692307692307695,0.002230769230769231,46.083880747852454,46.62921348314607,40.81632653061224,2.8243232771210764
203503,Tony Snell,CHI,37,20.831045045045045,770.7486666666666,6.338702702702703,34.936,54.946,8.812,2.254,0.681,0.4115894243086592,0.10527945555965931,0.03180803426625022,24.0,6.603083333333333,6.03875,0.07129166666666667,0.057541666666666665,0.017875,0.013916666666666667,0.004791666666666667,0.0032083333333333334,19.286966686148457,22.14452214452213,33.04347826086957,8.546512361649224
203504,Trey Burke,UTA,42,23.505904761904763,987.248,6.4344761904761905,31.099,71.622,8.183,2.446,0.9380000000000001,0.29839310892501175,0.0891933941623584,0.034204171596194675,36.0,6.368194444444445,6.207027777777778,0.03883333333333333,0.043305555555555555,0.010305555555555556,0.013694444444444445,0.003638888888888889,0.006138888888888889,-11.516452074391996,-32.88409703504043,-68.70229007633588,2.530806307386967
203506,Victor Oladipo,ORL,37,27.910126126126123,1032.6746666666666,6.720054054054054,34.917,78.486,11.618,4.277,1.871,0.40501429298159086,0.14910020064402343,0.06522480135725224,32.0,7.0465,6.49771875,0.09059375,0.07578125,0.03321875,0.02690625,0.01503125,0.01190625,16.350465677819944,19.002822201317024,20.790020790020787,7.787997587454767
203507,Giannis Antetokounmpo,MIL,43,30.82927131782946,1325.6586666666667,6.342697674418605,34.225,94.906,14.616,5.276,2.424,0.396916652250353,0.14327670068916684,0.065826899634295,40.0,6.66605,6.058425,0.112625,0.060475,0.043675000000000005,0.021625,0.020874999999999998,0.0102,46.30410654827969,50.486548368631944,51.13772455089819,9.115218157679593
203521,Matthew Dellavedova,CLE,37,24.599621621621623,910.186,6.270297297297297,34.746,64.31,5.832,1.583,0.547,0.23066933571819384,0.06261137833365926,0.021635138312388898,33.0,6.461636363636364,6.031727272727273,0.03848484848484848,0.042393939393939394,0.009818181818181818,0.012212121212121212,0.003212121212121212,0.00506060606060606,-10.157480314960635,-24.382716049382722,-57.54716981132072,6.653254171473597
203524,Solomon Hill,IND,22,9.111878787878787,200.46133333333333,5.756590909090909,34.681,14.191,1.956,0.544,0.214,0.3512697378047969,0.0976946510050151,0.038431351682119905,,,,,,,,,,,,,
203526,Raul Neto,UTA,41,18.31930081300813,751.0913333333333,6.729048780487806,34.693,56.859,6.941,2.097,0.85,0.3326839079490555,0.10050974715014685,0.04074071772895795,28.0,6.890607142857143,6.156750000000001,0.06925,0.039035714285714285,0.02064285714285714,0.012464285714285714,0.007714285714285714,0.005,43.63073749355338,39.619377162629746,35.18518518518518,10.65010858466753
203530,Joffrey Lauvergne,DEN,24,17.51886111111111,420.45266666666663,6.174666666666667,34.972,29.419999999999998,3.668,1.022,0.296,0.3140615114820694,0.08750568831370635,0.025344113249370914,,,,,,,,,,,,,
203546,Ian Clark,GSW,36,10.038685185185185,361.3926666666667,6.695138888888889,33.539,26.838,3.3689999999999998,1.14,0.46699999999999997,0.335601718536993,0.11356068837404927,0.046520036377790355,,,,,,,,,,,,,
203552,Seth Curry,SAC,21,9.901079365079365,207.92266666666666,6.432904761904762,26.837,15.196,2.187,0.716,0.258,0.37866001462082055,0.12396916802400892,0.04467045439971272,,,,,,,,,,,,,
203584,Troy Daniels,CHA,21,9.494253968253968,199.37933333333334,6.792571428571429,33.612,15.31,2.487,0.79,0.297,0.4490535628901692,0.1426426677455704,0.053626420658777735,,,,,,,,,,,,,
203613,Jonathon Simmons,SAS,27,11.975876543209877,323.34866666666665,6.460037037037036,34.941,23.839,4.08,1.269,0.471,0.45424649965053204,0.14128402158248166,0.052438750327304065,,,,,,,,,,,,,
203798,PJ Hairston,CHA,39,19.301166666666667,772.0466666666666,6.521299999999999,34.776,56.223,9.244,2.409,0.775,0.4310413014757312,0.11232999732313245,0.036137711882701394,,,,,,,,,,,,,
203894,Shabazz Napier,ORL,36,11.254703703703704,405.1693333333333,6.773555555555556,33.327,30.588,4.606,1.434,0.529,0.4092511114694432,0.1274133942351675,0.04700257011883098,17.0,6.478941176470588,6.621294117647059,0.0321764705882353,0.05870588235294118,0.010647058823529412,0.01752941176470588,0.003823529411764706,0.006411764705882353,-82.44972577696524,-64.64088397790051,-67.69230769230768,-2.1971636614552157
203897,Zach LaVine,MIN,44,21.742348484848485,956.6633333333333,6.522863636363637,34.458,70.363,9.664,3.813,1.847,0.3636639848919334,0.14348621423768027,0.06950407492709033,40.0,6.581100000000001,6.3719,0.03895,0.075625,0.014074999999999999,0.031,0.0060999999999999995,0.0153,-94.15917843388961,-120.24866785079931,-150.81967213114754,3.178799896673822
203900,Markel Brown,BKN,24,10.58775,254.106,6.310333333333333,27.264,18.072,2.921,0.962,0.346,0.4138273004179358,0.13628957993908056,0.04901891336686265,,,,,,,,,,,,,
203901,Elfrid Payton,ORL,37,27.86828828828829,1031.1266666666668,6.83918918918919,34.973,80.039,9.945,2.783,0.99,0.34721243429517223,0.09716362037641672,0.034564133730741124,26.0,7.208538461538462,6.649769230769231,0.10265384615384615,0.06073076923076923,0.028961538461538462,0.017538461538461537,0.010307692307692308,0.006769230769230769,40.83926564256276,39.442231075697215,34.32835820895523,7.751491287042069
203903,Jordan Clarkson,LAL,42,31.166714285714285,1309.002,6.577595238095238,34.812,96.958,11.903,3.938,1.652,0.32735473284227223,0.10830235553498009,0.045433085663734656,30.0,6.844633333333333,6.175833333333333,0.10156666666666667,0.048233333333333336,0.0364,0.014366666666666666,0.015366666666666667,0.006166666666666667,52.51066622907777,60.53113553113554,59.8698481561822,9.771158912822212
203914,Gary Harris,DEN,37,28.97625225225225,1072.1213333333333,6.310918918918919,34.662,76.339,13.197,3.882,1.538,0.4431326802563392,0.13035091799311274,0.05164340851968247,34.0,6.698235294117647,5.842529411764707,0.14061764705882351,0.05497058823529412,0.041352941176470585,0.01752941176470588,0.01658823529411765,0.007029411764705882,60.907759882869684,57.61024182076814,57.62411347517732,12.775094405901456
203917,Nik Stauskas,PHI,36,21.63151851851852,778.7346666666666,6.599166666666666,34.953,58.032000000000004,7.845,1.777,0.46900000000000003,0.3626652466993465,0.08214864797765949,0.021681325774632696,27.0,6.777851851851852,6.444185185185185,0.059222222222222225,0.056111111111111105,0.013296296296296296,0.011851851851851851,0.003222222222222222,0.004074074074074074,5.253283302063805,10.86350974930362,-26.43678160919541,4.922897017518949
203918,Rodney Hood,UTA,40,28.931866666666668,1157.2746666666667,6.245925000000001,34.991,81.513,9.991,2.36,0.877,0.3107957085382208,0.07341385968873997,0.02728133684195973,37.0,6.624864864864865,5.889351351351351,0.07916216216216215,0.05621621621621622,0.019486486486486487,0.012648648648648649,0.006648648648648649,0.004432432432432433,28.986002048480703,35.09015256588072,33.33333333333333,11.102317232375981
203922,Glenn Robinson,IND,28,11.2285,314.398,6.618285714285714,33.273,24.18,5.082,2.134,0.917,0.5819120986774724,0.24435269944465293,0.1050006679431803,,,,,,,,,,,,,
203924,Jerami Grant,PHI,41,24.285235772357723,995.6946666666666,6.6444878048780485,34.628,74.736,13.932,4.813,1.797,0.5037206854577909,0.1740172020606049,0.06497172493307855,37.0,6.873945945945946,6.4038108108108105,0.10810810810810811,0.07067567567567568,0.03813513513513513,0.02654054054054054,0.012864864864864864,0.010891891891891893,34.62500000000001,30.403968816442234,15.336134453781499,6.839377830900867
203926,Doug McDermott,CHI,38,19.749403508771927,750.4773333333333,6.833473684210527,34.528,57.895,12.592,3.516,1.018,0.6040315674646182,0.16866065686194387,0.04883292055900423,25.0,6.7428,6.66752,0.07476,0.10532,0.0222,0.026840000000000003,0.00584,0.008,-40.87747458533976,-20.900900900900908,-36.98630136986302,1.1164501394079647
203932,Aaron Gordon,ORL,40,18.569733333333332,742.7893333333333,6.835825,34.987,56.915,11.631,3.614,1.295,0.5637076102331393,0.17515598859793358,0.06276342148155062,30.0,6.8106,6.427033333333333,0.0613,0.10313333333333333,0.023799999999999998,0.027299999999999998,0.009433333333333332,0.008466666666666667,-68.24361065796627,-14.705882352941178,10.247349823321532,5.631907125167633
203933,TJ Warren,PHX,41,21.53351219512195,882.874,6.62309756097561,34.427,65.855,10.805,3.654,1.3719999999999999,0.4405838205678273,0.1489952133600038,0.05594456287080602,37.0,6.532162162162162,6.4320270270270266,0.057189189189189193,0.07059459459459459,0.01743243243243243,0.024054054054054055,0.0055945945945945945,0.010081081081081082,-23.440453686200367,-37.98449612403102,-80.19323671497585,1.5329554387852313
203934,Lamar Patterson,ATL,29,11.766551724137932,341.23,6.594172413793103,32.601,25.447,4.225,1.587,0.697,0.445740409694341,0.16742959294317616,0.07353398001348063,15.0,6.5766,6.464133333333334,0.0614,0.04853333333333333,0.02393333333333333,0.017533333333333335,0.011066666666666667,0.008133333333333334,20.95548317046689,26.740947075208897,26.506024096385538,1.710103498261507
203935,Marcus Smart,BOS,22,25.55754545454545,562.266,6.227181818181818,34.189,39.424,4.671,1.47,0.574,0.2990684124595832,0.09411915356788424,0.03675128853603099,21.0,6.471523809523809,6.040666666666667,0.04357142857142857,0.04709523809523809,0.012047619047619048,0.017095238095238094,0.004666666666666667,0.006904761904761904,-8.08743169398906,-41.89723320158101,-47.959183673469354,6.657738664625977
203937,Kyle Anderson,SAS,38,11.206140350877192,425.8333333333333,6.379315789473684,34.602,30.871000000000002,3.093,0.605,0.156,0.2614825831702544,0.051146771037181994,0.013188258317025442,19.0,6.1398947368421055,6.2374210526315785,0.024736842105263158,0.030368421052631576,0.006,0.006263157894736843,0.0018947368421052633,0.001526315789473684,-22.7659574468085,-4.385964912280713,19.44444444444446,-1.5884037099898738
203939,Dwight Powell,DAL,41,15.996845528455285,655.8706666666667,6.687951219512196,34.948,49.66,8.839,2.815,0.983,0.48516272517142606,0.15451217008231297,0.053955759570484416,31.0,6.807935483870968,6.630709677419355,0.07170967741935483,0.060290322580645164,0.022161290322580646,0.019935483870967743,0.00632258064516129,0.007806451612903225,15.924426450742224,10.043668122270743,-23.469387755102037,2.6032239416999152
203940,Adreian Payne,MIN,29,9.100298850574712,263.90866666666665,6.404206896551725,33.45,19.267,2.296,0.744,0.308,0.3131992633815234,0.10148965677519749,0.042014535331667775,,,,,,,,,,,,,
203943,Noah Vonleh,POR,45,15.25477037037037,686.4646666666666,6.443311111111111,31.782,49.809,9.219,3.001,1.017,0.48346843780257687,0.15738027788757275,0.053334136158500994,18.0,6.328388888888889,5.865333333333333,0.08727777777777777,0.041555555555555554,0.03172222222222222,0.011666666666666665,0.012833333333333332,0.0035,52.387014640356455,63.22241681260946,72.72727272727273,7.31711599406555
203944,Julius Randle,LAL,43,25.75922480620155,1107.6466666666668,6.160348837209302,34.655,76.843,8.28,2.339,0.948,0.2691110883735487,0.07602063233160995,0.030811269538420793,39.0,6.347282051282051,5.968846153846154,0.04953846153846154,0.05533333333333333,0.013743589743589744,0.015025641025641025,0.004897435897435898,0.0072564102564102555,-11.697722567287782,-9.328358208955216,-48.16753926701568,5.96217238147562
203948,Johnny O'Bryant,MIL,41,13.41157723577236,549.8746666666667,6.560292682926828,34.947,40.874,5.8549999999999995,1.672,0.575,0.38332371497989837,0.10946494473892232,0.037644942120143736,25.0,6.85984,6.20488,0.06144,0.033159999999999995,0.0178,0.00832,0.00668,0.00272,46.02864583333334,53.25842696629214,59.2814371257485,9.547744553808835
203949,James Michael McAdoo,GSW,23,5.970579710144927,137.32333333333332,6.7076086956521745,32.848,10.543,2.09,0.728,0.305,0.54790397359031,0.1908488482171032,0.07995727844260504,,,,,,,,,,,,,
203952,Andrew Wiggins,MIN,43,32.9773023255814,1418.0240000000001,6.053209302325581,34.874,96.951,10.4,3.254,1.329,0.2640293817311978,0.08261073155320361,0.03373990849238094,42.0,6.316476190476191,5.739142857142857,0.07552380952380952,0.048595238095238094,0.022809523809523807,0.016523809523809524,0.008380952380952381,0.006999999999999999,35.65573770491803,27.55741127348642,16.47727272727274,9.140117304705765
203953,Jabari Parker,MIL,39,25.081589743589745,978.182,6.721230769230769,33.747,74.029,11.138,3.937,1.5,0.4099114479718498,0.14489328161834913,0.05520445070549244,32.0,6.86865625,6.49925,0.0919375,0.06371875,0.033875,0.0228125,0.012781250000000001,0.00975,30.69340584636302,32.65682656826569,23.716381418092915,5.378144378676687
203960,JaKarr Sampson,PHI,40,14.458066666666667,578.3226666666667,6.7341,33.603,43.696,7.237,2.459,0.9690000000000001,0.45049591692757446,0.1530702583563501,0.06031926813635756,28.0,6.892428571428572,6.086321428571429,0.06275,0.03621428571428571,0.02028571428571429,0.011035714285714286,0.007,0.005142857142857143,42.28799089356858,45.59859154929578,26.530612244897966,11.695545837046863
203991,Clint Capela,HOU,42,20.31609523809524,853.2760000000001,6.467071428571429,34.669,62.022,11.745,3.71,1.305,0.495525480618229,0.15652614160013872,0.055058386735358775,28.0,6.5835357142857145,6.190285714285714,0.10564285714285715,0.04492857142857143,0.03521428571428571,0.016071428571428573,0.01257142857142857,0.0059642857142857145,57.4712643678161,54.36105476673427,52.55681818181818,5.973234095877705
203999,Nikola Jokic,DEN,41,18.0950243902439,741.896,6.218658536585366,34.024,51.914,6.15,1.143,0.209,0.2984245770296645,0.055463299438196195,0.010141583186861772,29.0,6.188862068965517,6.094413793103448,0.043517241379310345,0.03789655172413793,0.008517241379310345,0.007344827586206896,0.0012758620689655171,0.0011724137931034483,12.916006339144218,13.765182186234826,8.108108108108093,1.5261008374332101
204001,Kristaps Porzingis,NYK,45,26.792444444444445,1205.66,6.139733333333334,34.631,83.352,9.115,2.224,0.531,0.2721662823681635,0.06640678134797538,0.015855216230114627,39.0,6.329820512820513,5.954179487179487,0.061384615384615385,0.041282051282051285,0.014564102564102566,0.008897435897435897,0.0034615384615384616,0.002128205128205128,32.7485380116959,38.90845070422536,38.518518518518526,5.934465675293591
204020,Tyler Johnson,MIA,33,22.387818181818183,738.798,6.408969696969697,34.08,53.361,8.083,2.679,1.081,0.39386679444178246,0.13054177190517569,0.05267475006700072,30.0,6.5652,6.305899999999999,0.055233333333333336,0.08116666666666666,0.02,0.024033333333333334,0.006933333333333333,0.010466666666666668,-46.95232347616173,-20.166666666666664,-50.96153846153848,3.9496131115579196
204025,Tim Frazier,POR,27,8.538098765432098,230.52866666666665,6.291962962962963,27.35,16.649,1.973,0.648,0.275,0.3081091867099682,0.10119348858999459,0.04294476753433413,,,,,,,,,,,,,
204038,Langston Galloway,NYK,45,22.745451851851854,1023.5453333333334,6.505822222222222,34.334,75.109,10.756,3.199,1.148,0.37830859795820804,0.11251480149389245,0.04037730294310364,44.0,6.549681818181818,6.4031590909090905,0.04640909090909091,0.07588636363636364,0.014022727272727272,0.023681818181818182,0.004431818181818182,0.009318181818181817,-63.51616062683645,-68.88168557536468,-110.25641025641025,2.23709687493494
204060,Joe Ingles,UTA,40,13.418183333333332,536.7273333333333,6.3421,34.64,38.177,4.5489999999999995,1.131,0.394,0.3051158192055308,0.07585974753164551,0.026426826284233713,21.0,5.879142857142857,6.466190476190476,0.023904761904761904,0.03766666666666667,0.0074761904761904766,0.008428571428571428,0.0027142857142857142,0.002285714285714286,-57.56972111553785,-12.738853503184696,15.789473684210517,-9.98525862208614
204456,TJ McConnell,PHI,41,20.357512195121952,834.658,7.1215121951219515,34.573,66.487,11.666,3.738,1.4060000000000001,0.5031713588080388,0.16122531623730918,0.06064280220162031,34.0,7.260441176470588,6.924117647058823,0.08597058823529412,0.0725,0.027823529411764705,0.02302941176470588,0.009794117647058825,0.00811764705882353,15.668833390352384,17.23044397463002,17.11711711711712,4.632274007008158
1626143,Jahlil Okafor,PHI,37,29.16783783783784,1079.21,6.065675675675676,34.843,73.764,9.218,1.992,0.47300000000000003,0.3074915910712466,0.06644860592470418,0.01577820813372745,33.0,6.259878787878788,5.909060606060606,0.07669696969696971,0.05142424242424243,0.014272727272727274,0.011393939393939394,0.0031818181818181815,0.0024242424242424242,32.95140260766496,20.16985138004247,23.809523809523803,5.604232824723096
1626144,Emmanuel Mudiay,DEN,29,28.18855172413793,817.468,6.582275862068966,34.504,60.639,6.765,1.633,0.503,0.2979199185778526,0.07191474161679723,0.022151325801132278,28.0,6.752464285714285,6.298785714285715,0.06828571428571428,0.0435,0.015892857142857143,0.010142857142857144,0.004785714285714286,0.0033214285714285715,36.29707112970711,36.179775280898866,30.597014925373138,6.7187111583601595
1626147,Justin Anderson,DAL,22,7.438757575757577,163.65266666666668,6.783045454545455,32.1,12.535,2.4579999999999997,0.85,0.344,0.5407061296485646,0.18698137111524815,0.07567246078075925,,,,,,,,,,,,,
1626149,Montrezl Harrell,HOU,23,8.649797101449275,198.94533333333334,6.360130434782608,33.999,14.198,2.5949999999999998,0.822,0.267,0.4695762319967294,0.14874437869029347,0.048314779939547886,,,,,,,,,,,,,
1626154,RJ Hunter,BOS,21,10.743396825396825,225.61133333333333,6.287142857142857,34.653,16.184,2.366,0.577,0.145,0.37753422552649546,0.09206984282704474,0.023137135545791138,,,,,,,,,,,,,
1626156,D'Angelo Russell,LAL,42,26.051412698412697,1094.1593333333333,6.498214285714286,34.691,80.345,9.745,3.162,1.201,0.32062971937664164,0.10403603618973227,0.03951526864764973,35.0,6.7419714285714285,6.2580857142857145,0.06851428571428572,0.054771428571428575,0.023257142857142855,0.015600000000000001,0.009114285714285714,0.005571428571428572,20.058381984987495,32.92383292383291,38.871473354231966,7.177213956070497
1626157,Karl-Anthony Towns,MIN,44,27.70210606060606,1218.8926666666666,6.053613636363636,34.365,83.361,10.552,2.102,0.498,0.31165336406432287,0.062082578777786834,0.014708432079608869,39.0,6.257769230769231,5.785410256410256,0.07869230769230769,0.04766666666666667,0.014333333333333332,0.010743589743589743,0.0033333333333333335,0.002333333333333333,39.42652329749103,25.044722719141316,30.00000000000001,7.548360397126859
1626158,Richaun Holmes,PHI,29,13.080551724137932,379.336,6.300137931034483,34.256,26.927,4.965,1.573,0.544,0.4711917666659637,0.1492819031149166,0.05162705358837548,20.0,6.5314,5.9887999999999995,0.0607,0.04385,0.02085,0.0121,0.0059499999999999996,0.00375,27.75947281713344,41.966426858513195,36.97478991596638,8.30756040052669
1626159,Justise Winslow,MIA,39,25.741521367521365,1003.9193333333333,6.2622820512820505,34.903,70.852,11.561,3.954,1.579,0.41457115744359274,0.14178828445047711,0.056622079197598214,38.0,6.3861842105263165,6.087736842105263,0.07807894736842105,0.08223684210526316,0.026789473684210526,0.028710526315789475,0.00981578947368421,0.012263157894736842,-5.325244354566909,-7.170923379174857,-24.93297587131368,4.673328525806126
1626161,Willie Cauley-Stein,SAC,26,18.118717948717947,471.08666666666664,6.767769230769231,34.521,35.89,7.129,2.406,0.897,0.5447914750293648,0.18386425710768012,0.06854789635311266,18.0,7.090277777777778,6.366333333333333,0.10422222222222222,0.06833333333333333,0.03811111111111111,0.019055555555555558,0.013944444444444445,0.006611111111111111,34.43496801705757,49.999999999999986,52.589641434262944,10.210381978452496
1626162,Kelly Oubre,WAS,33,12.750181818181817,420.756,6.584121212121213,33.329,30.893,5.379,1.58,0.492,0.4602287311410889,0.13518523800017113,0.042095656389926704,17.0,6.486470588235294,6.229058823529412,0.06847058823529412,0.04952941176470588,0.02088235294117647,0.012941176470588235,0.006941176470588235,0.003529411764705882,27.663230240549836,38.028169014084504,49.152542372881356,3.968441099120336
1626163,Frank Kaminsky,CHA,41,21.224238095238096,891.418,6.617809523809523,34.72,66.506,10.012,2.143,0.44,0.4043355642358579,0.08654525710721568,0.01776944149658185,31.0,6.8249375,6.6406875,0.05403125,0.0768125,0.01171875,0.01659375,0.00203125,0.004,-42.16310005783691,-41.60000000000001,-96.92307692307692,2.699658421780413
1626164,Devin Booker,PHX,36,18.561092592592594,668.1993333333334,6.449277777777778,33.881,48.691,7.412,2.396,0.982,0.39932994046686665,0.1290872284617664,0.0529063682593717,22.0,6.541545454545454,6.0382727272727275,0.06718181818181818,0.061409090909090906,0.0215,0.019,0.007136363636363636,0.008727272727272728,8.59269282814614,11.627906976744182,-22.29299363057326,7.693483608266035
1626166,Cameron Payne,OKC,28,11.072000000000001,310.016,6.543392857142857,34.895,22.727,3.297,1.102,0.452,0.3828576589595376,0.1279675887696119,0.05248761354252683,,,,,,,,,,,,,
1626167,Myles Turner,IND,21,14.97,314.37,6.4115714285714285,34.63,22.593,3.815,0.797,0.211,0.43687374749499,0.09126825078728887,0.024162610936158027,,,,,,,,,,,,,
1626168,Trey Lyles,UTA,40,17.46245,698.498,6.429075,33.259,50.104,8.006,2.365,0.785,0.4126225128776317,0.12189011278486124,0.040458240395820744,27.0,6.439962962962962,6.125592592592592,0.06896296296296296,0.05025925925925926,0.01811111111111111,0.015703703703703702,0.006037037037037037,0.006074074074074075,27.121374865735763,13.292433537832308,-0.6134969325153481,4.881555564501749
1626169,Stanley Johnson,DET,42,21.062126984126984,884.6093333333333,6.5510238095238105,34.655,65.187,11.688,4.174,1.7550000000000001,0.4756540363580458,0.16986481414771418,0.07142135812871067,38.0,6.6605,6.432552631578948,0.052684210526315785,0.08684210526315789,0.017236842105263158,0.03189473684210526,0.006657894736842106,0.014342105263157896,-64.83516483516483,-85.03816793893128,-115.41501976284584,3.422376224323283
1626170,Jerian Grant,NYK,42,15.008349206349205,630.3506666666666,6.466404761904762,34.788,45.933,5.968,1.687,0.65,0.3408388558326265,0.09634637228378704,0.03712219441876797,32.0,6.46409375,6.22003125,0.0290625,0.051125000000000004,0.0078125,0.014468749999999999,0.002875,0.00515625,-75.91397849462366,-85.19999999999999,-79.34782608695653,3.775664608824711
1626171,Bobby Portis,CHI,20,14.025866666666667,280.51733333333334,6.62285,34.882,20.779,3.909,1.349,0.462,0.5016588398577866,0.17312299180561627,0.059290453828165106,,,,,,,,,,,,,
1626173,Rashad Vaughn,MIL,37,10.086396396396395,373.19666666666666,6.692972972972973,30.775,28.087,4.65,1.3840000000000001,0.442,0.44855706106699783,0.13350601559499461,0.0426370367723899,15.0,6.7778,6.465866666666667,0.04873333333333333,0.065,0.0148,0.0192,0.0044666666666666665,0.005933333333333333,-33.37893296853627,-29.729729729729716,-32.83582089552238,4.602279992524613
1626196,Josh Richardson,MIA,20,11.389633333333332,227.79266666666666,6.407850000000001,33.821,16.563,2.212,0.781,0.293,0.3495810517751523,0.12342802958245658,0.04630526589969241,,,,,,,,,,,,,
1626204,Larry Nance Jr.,LAL,36,20.19790740740741,727.1246666666667,6.788472222222222,33.012,55.609,9.967,3.075,1.242,0.4934669616489423,0.1522434942380353,0.061491518648338156,22.0,6.696954545454545,6.680590909090909,0.06959090909090909,0.05663636363636364,0.022454545454545453,0.017227272727272726,0.009545454545454544,0.006272727272727272,18.6152841280209,23.279352226720647,34.285714285714285,0.24434444421820284
1626209,Mario Hezonja,ORL,38,12.663929824561404,481.22933333333333,6.76092105263158,32.09,36.926,6.405,1.894,0.637,0.47914784911975444,0.14168712353361668,0.04765295548622694,18.0,7.188888888888889,6.881222222222222,0.04633333333333333,0.06838888888888889,0.014,0.019277777777777776,0.0038333333333333336,0.006166666666666667,-47.601918465227826,-37.69841269841268,-60.8695652173913,4.279752704791349
1626246,Boban Marjanovic,SAS,24,6.791166666666666,162.988,6.115583333333333,23.577,11.175,1.653,0.304,0.04,0.3651066336171988,0.06714604756178369,0.008835006258129434,,,,,,,,,,,,,
1626273,Marcelo Huertas,LAL,25,11.802053333333333,295.05133333333333,6.52424,34.616,21.841,2.571,0.796,0.298,0.3136945661432926,0.0971220827110311,0.03635977468327545,,,,,,,,,,,,,
